lower_input_voltage_V,upper_input_voltage_V,conversion_code,decoder_output_5b
0.7,0.7172833946689595,0,00000
0.7172833946689595,0.7330107818129825,1,00001
0.7330107818129825,0.7514577118402282,2,00010
0.7514577118402282,0.7592246703880191,3,00011
0.7592246703880191,0.7759237161160658,4,00100
0.7759237161160658,0.7979392176358799,5,00101
0.7979392176358799,0.8138201116076821,6,00110
0.8138201116076821,0.8239466507310871,7,00111
0.8239466507310871,0.8383290068082238,8,01000
0.8383290068082238,0.8607965071723,9,01001
0.8607965071723,0.8725056278551532,10,01010
0.8725056278551532,0.8880008918594687,11,01011
0.8880008918594687,0.8996673703569268,12,01100
0.8996673703569268,0.9157971631460674,13,01101
0.9157971631460674,0.9329328043956044,14,01110
0.9329328043956044,0.9478954262852226,15,01111
0.9478954262852226,0.9646211899506926,16,10000
0.9646211899506926,0.9787895562776957,17,10001
0.9787895562776957,0.9948577886351566,18,10010
0.9948577886351566,1.0167130511659344,19,10011
1.0167130511659344,1.026772163469558,20,10100
1.026772163469558,1.0403342276923078,21,10101
1.0403342276923078,1.0573253178474642,22,10110
1.0573253178474642,1.076479274612964,23,10111
1.076479274612964,1.087645266242454,24,11000
1.087645266242454,1.1025290130734877,25,11001
1.1025290130734877,1.1208687107692308,26,11010
1.1208687107692308,1.132759686427411,27,11011
1.132759686427411,1.152561354741739,28,11100
1.152561354741739,1.1645797432227736,29,11101
1.1645797432227736,1.1864357502829777,30,11110
1.1864357502829777,1.2,31,11111
