input_voltage_V,conversion_code,decoder_output_5b
0.700,0,00000
0.702,0,00000
0.704,0,00000
0.706,0,00000
0.708,0,00000
0.710,0,00000
0.712,0,00000
0.714,0,00000
0.716,0,00000
0.718,1,00001
0.720,1,00001
0.722,1,00001
0.724,1,00001
0.726,1,00001
0.728,1,00001
0.730,1,00001
0.732,1,00001
0.734,2,00010
0.736,2,00010
0.738,2,00010
0.740,2,00010
0.742,2,00010
0.744,2,00010
0.746,2,00010
0.748,2,00010
0.750,2,00010
0.752,3,00011
0.754,3,00011
0.756,3,00011
0.758,3,00011
0.760,4,00100
0.762,4,00100
0.764,4,00100
0.766,4,00100
0.768,4,00100
0.770,4,00100
0.772,4,00100
0.774,4,00100
0.776,5,00101
0.778,5,00101
0.780,5,00101
0.782,5,00101
0.784,5,00101
0.786,5,00101
0.788,5,00101
0.790,5,00101
0.792,5,00101
0.794,5,00101
0.796,5,00101
0.798,6,00110
0.800,6,00110
0.802,6,00110
0.804,6,00110
0.806,6,00110
0.808,6,00110
0.810,6,00110
0.812,6,00110
0.814,7,00111
0.816,7,00111
0.818,7,00111
0.820,7,00111
0.822,7,00111
0.824,8,01000
0.826,8,01000
0.828,8,01000
0.830,8,01000
0.832,8,01000
0.834,8,01000
0.836,8,01000
0.838,8,01000
0.840,9,01001
0.842,9,01001
0.844,9,01001
0.846,9,01001
0.848,9,01001
0.850,9,01001
0.852,9,01001
0.854,9,01001
0.856,9,01001
0.858,9,01001
0.860,9,01001
0.862,10,01010
0.864,10,01010
0.866,10,01010
0.868,10,01010
0.870,10,01010
0.872,10,01010
0.874,11,01011
0.876,11,01011
0.878,11,01011
0.880,11,01011
0.882,11,01011
0.884,11,01011
0.886,11,01011
0.888,11,01011
0.890,12,01100
0.892,12,01100
0.894,12,01100
0.896,12,01100
0.898,12,01100
0.900,13,01101
0.902,13,01101
0.904,13,01101
0.906,13,01101
0.908,13,01101
0.910,13,01101
0.912,13,01101
0.914,13,01101
0.916,14,01110
0.918,14,01110
0.920,14,01110
0.922,14,01110
0.924,14,01110
0.926,14,01110
0.928,14,01110
0.930,14,01110
0.932,14,01110
0.934,15,01111
0.936,15,01111
0.938,15,01111
0.940,15,01111
0.942,15,01111
0.944,15,01111
0.946,15,01111
0.948,16,10000
0.950,16,10000
0.952,16,10000
0.954,16,10000
0.956,16,10000
0.958,16,10000
0.960,16,10000
0.962,16,10000
0.964,16,10000
0.966,17,10001
0.968,17,10001
0.970,17,10001
0.972,17,10001
0.974,17,10001
0.976,17,10001
0.978,17,10001
0.980,18,10010
0.982,18,10010
0.984,18,10010
0.986,18,10010
0.988,18,10010
0.990,18,10010
0.992,18,10010
0.994,18,10010
0.996,19,10011
0.998,19,10011
1.000,19,10011
1.002,19,10011
1.004,19,10011
1.006,19,10011
1.008,19,10011
1.010,19,10011
1.012,19,10011
1.014,19,10011
1.016,19,10011
1.018,20,10100
1.020,20,10100
1.022,20,10100
1.024,20,10100
1.026,20,10100
1.028,21,10101
1.030,21,10101
1.032,21,10101
1.034,21,10101
1.036,21,10101
1.038,21,10101
1.040,21,10101
1.042,22,10110
1.044,22,10110
1.046,22,10110
1.048,22,10110
1.050,22,10110
1.052,22,10110
1.054,22,10110
1.056,22,10110
1.058,23,10111
1.060,23,10111
1.062,23,10111
1.064,23,10111
1.066,23,10111
1.068,23,10111
1.070,23,10111
1.072,23,10111
1.074,23,10111
1.076,23,10111
1.078,24,11000
1.080,24,11000
1.082,24,11000
1.084,24,11000
1.086,24,11000
1.088,25,11001
1.090,25,11001
1.092,25,11001
1.094,25,11001
1.096,25,11001
1.098,25,11001
1.100,25,11001
1.102,25,11001
1.104,26,11010
1.106,26,11010
1.108,26,11010
1.110,26,11010
1.112,26,11010
1.114,26,11010
1.116,26,11010
1.118,26,11010
1.120,26,11010
1.122,27,11011
1.124,27,11011
1.126,27,11011
1.128,27,11011
1.130,27,11011
1.132,27,11011
1.134,28,11100
1.136,28,11100
1.138,28,11100
1.140,28,11100
1.142,28,11100
1.144,28,11100
1.146,28,11100
1.148,28,11100
1.150,28,11100
1.152,28,11100
1.154,29,11101
1.156,29,11101
1.158,29,11101
1.160,29,11101
1.162,29,11101
1.164,29,11101
1.166,30,11110
1.168,30,11110
1.170,30,11110
1.172,30,11110
1.174,30,11110
1.176,30,11110
1.178,30,11110
1.180,30,11110
1.182,30,11110
1.184,30,11110
1.186,30,11110
1.188,31,11111
1.190,31,11111
1.192,31,11111
1.194,31,11111
1.196,31,11111
1.198,31,11111
1.200,31,11111
