transition_index,boundary_v
1,0.7172833946689595
2,0.7330107818129825
3,0.7514577118402282
4,0.7592246703880191
5,0.7759237161160658
6,0.7979392176358799
7,0.8138201116076821
8,0.8239466507310871
9,0.8383290068082238
10,0.8607965071723
11,0.8725056278551532
12,0.8880008918594687
13,0.8996673703569268
14,0.9157971631460674
15,0.9329328043956044
16,0.9478954262852226
17,0.9646211899506926
18,0.9787895562776957
19,0.9948577886351566
20,1.0167130511659344
21,1.026772163469558
22,1.0403342276923078
23,1.0573253178474642
24,1.076479274612964
25,1.087645266242454
26,1.1025290130734877
27,1.1208687107692308
28,1.132759686427411
29,1.152561354741739
30,1.1645797432227736
31,1.1864357502829777
