run_index,point_index,input_v,C1_bit,C2_bit,disagreement,ideal_value_v,C1_value_v,C2_value_v,SSR_value_v
1,0,0.965625,0,0,0,0.9734375,0.9734375,0.9734375,0.9734375
1,1,0.965941,0,0,0,0.9734375,0.9734375,0.9734375,0.9734375
1,2,0.966256,0,0,0,0.9734375,0.9734375,0.9734375,0.9734375
1,3,0.966572,0,0,0,0.9734375,0.9734375,0.9734375,0.9734375
1,4,0.966888,0,0,0,0.9734375,0.9734375,0.9734375,0.9734375
1,5,0.967203,0,0,0,0.9734375,0.9734375,0.9734375,0.9734375
1,6,0.967519,0,0,0,0.9734375,0.9734375,0.9734375,0.9734375
1,7,0.967835,0,0,0,0.9734375,0.9734375,0.9734375,0.9734375
1,8,0.96815,0,0,0,0.9734375,0.9734375,0.9734375,0.9734375
1,9,0.968466,0,0,0,0.9734375,0.9734375,0.9734375,0.9734375
1,10,0.968782,0,0,0,0.9734375,0.9734375,0.9734375,0.9734375
1,11,0.969097,0,0,0,0.9734375,0.9734375,0.9734375,0.9734375
1,12,0.969413,0,0,0,0.9734375,0.9734375,0.9734375,0.9734375
1,13,0.969729,0,0,0,0.9734375,0.9734375,0.9734375,0.9734375
1,14,0.970044,0,0,0,0.9734375,0.9734375,0.9734375,0.9734375
1,15,0.97036,0,0,0,0.9734375,0.9734375,0.9734375,0.9734375
1,16,0.970676,0,0,0,0.9734375,0.9734375,0.9734375,0.9734375
1,17,0.970991,0,0,0,0.9734375,0.9734375,0.9734375,0.9734375
1,18,0.971307,0,0,0,0.9734375,0.9734375,0.9734375,0.9734375
1,19,0.971622,0,0,0,0.9734375,0.9734375,0.9734375,0.9734375
1,20,0.971938,0,0,0,0.9734375,0.9734375,0.9734375,0.9734375
1,21,0.972254,0,0,0,0.9734375,0.9734375,0.9734375,0.9734375
1,22,0.972569,0,0,0,0.9734375,0.9734375,0.9734375,0.9734375
1,23,0.972885,0,0,0,0.9734375,0.9734375,0.9734375,0.9734375
1,24,0.973201,0,0,0,0.9734375,0.9734375,0.9734375,0.9734375
1,25,0.973516,0,0,0,0.9734375,0.9734375,0.9734375,0.9734375
1,26,0.973832,0,0,0,0.9734375,0.9734375,0.9734375,0.9734375
1,27,0.974148,0,0,0,0.9734375,0.9734375,0.9734375,0.9734375
1,28,0.974463,0,0,0,0.9734375,0.9734375,0.9734375,0.9734375
1,29,0.974779,0,0,0,0.9734375,0.9734375,0.9734375,0.9734375
1,30,0.975095,0,0,0,0.9734375,0.9734375,0.9734375,0.9734375
1,31,0.97541,0,0,0,0.9734375,0.9734375,0.9734375,0.9734375
1,32,0.975726,0,0,0,0.9734375,0.9734375,0.9734375,0.9734375
1,33,0.976042,0,0,0,0.9734375,0.9734375,0.9734375,0.9734375
1,34,0.976357,1,0,1,0.9734375,0.9890625,0.9734375,0.98125
1,35,0.976673,0,0,0,0.9734375,0.9734375,0.9734375,0.9734375
1,36,0.976989,0,0,0,0.9734375,0.9734375,0.9734375,0.9734375
1,37,0.977304,1,0,1,0.9734375,0.9890625,0.9734375,0.98125
1,38,0.97762,1,0,1,0.9734375,0.9890625,0.9734375,0.98125
1,39,0.977936,1,0,1,0.9734375,0.9890625,0.9734375,0.98125
1,40,0.978251,0,0,0,0.9734375,0.9734375,0.9734375,0.9734375
1,41,0.978567,1,0,1,0.9734375,0.9890625,0.9734375,0.98125
1,42,0.978883,1,0,1,0.9734375,0.9890625,0.9734375,0.98125
1,43,0.979198,1,0,1,0.9734375,0.9890625,0.9734375,0.98125
1,44,0.979514,1,0,1,0.9734375,0.9890625,0.9734375,0.98125
1,45,0.97983,1,0,1,0.9734375,0.9890625,0.9734375,0.98125
1,46,0.980145,1,0,1,0.9734375,0.9890625,0.9734375,0.98125
1,47,0.980461,1,0,1,0.9734375,0.9890625,0.9734375,0.98125
1,48,0.980777,1,0,1,0.9734375,0.9890625,0.9734375,0.98125
1,49,0.981092,1,0,1,0.9734375,0.9890625,0.9734375,0.98125
1,50,0.981408,1,0,1,0.9890625,0.9890625,0.9734375,0.98125
1,51,0.981723,1,0,1,0.9890625,0.9890625,0.9734375,0.98125
1,52,0.982039,1,0,1,0.9890625,0.9890625,0.9734375,0.98125
1,53,0.982355,1,0,1,0.9890625,0.9890625,0.9734375,0.98125
1,54,0.98267,1,0,1,0.9890625,0.9890625,0.9734375,0.98125
1,55,0.982986,1,0,1,0.9890625,0.9890625,0.9734375,0.98125
1,56,0.983302,1,0,1,0.9890625,0.9890625,0.9734375,0.98125
1,57,0.983617,1,0,1,0.9890625,0.9890625,0.9734375,0.98125
1,58,0.983933,1,0,1,0.9890625,0.9890625,0.9734375,0.98125
1,59,0.984249,1,0,1,0.9890625,0.9890625,0.9734375,0.98125
1,60,0.984564,1,0,1,0.9890625,0.9890625,0.9734375,0.98125
1,61,0.98488,1,0,1,0.9890625,0.9890625,0.9734375,0.98125
1,62,0.985196,1,0,1,0.9890625,0.9890625,0.9734375,0.98125
1,63,0.985511,1,0,1,0.9890625,0.9890625,0.9734375,0.98125
1,64,0.985827,1,1,0,0.9890625,0.9890625,0.9890625,0.9890625
1,65,0.986143,1,1,0,0.9890625,0.9890625,0.9890625,0.9890625
1,66,0.986458,1,0,1,0.9890625,0.9890625,0.9734375,0.98125
1,67,0.986774,1,1,0,0.9890625,0.9890625,0.9890625,0.9890625
1,68,0.98709,1,1,0,0.9890625,0.9890625,0.9890625,0.9890625
1,69,0.987405,1,1,0,0.9890625,0.9890625,0.9890625,0.9890625
1,70,0.987721,1,1,0,0.9890625,0.9890625,0.9890625,0.9890625
1,71,0.988037,1,1,0,0.9890625,0.9890625,0.9890625,0.9890625
1,72,0.988352,1,1,0,0.9890625,0.9890625,0.9890625,0.9890625
1,73,0.988668,1,1,0,0.9890625,0.9890625,0.9890625,0.9890625
1,74,0.988984,1,1,0,0.9890625,0.9890625,0.9890625,0.9890625
1,75,0.989299,1,1,0,0.9890625,0.9890625,0.9890625,0.9890625
1,76,0.989615,1,1,0,0.9890625,0.9890625,0.9890625,0.9890625
1,77,0.989931,1,1,0,0.9890625,0.9890625,0.9890625,0.9890625
1,78,0.990246,1,1,0,0.9890625,0.9890625,0.9890625,0.9890625
1,79,0.990562,1,1,0,0.9890625,0.9890625,0.9890625,0.9890625
1,80,0.990878,1,1,0,0.9890625,0.9890625,0.9890625,0.9890625
1,81,0.991193,1,1,0,0.9890625,0.9890625,0.9890625,0.9890625
1,82,0.991509,1,1,0,0.9890625,0.9890625,0.9890625,0.9890625
1,83,0.991824,1,1,0,0.9890625,0.9890625,0.9890625,0.9890625
1,84,0.99214,1,1,0,0.9890625,0.9890625,0.9890625,0.9890625
1,85,0.992456,1,1,0,0.9890625,0.9890625,0.9890625,0.9890625
1,86,0.992771,1,1,0,0.9890625,0.9890625,0.9890625,0.9890625
1,87,0.993087,1,1,0,0.9890625,0.9890625,0.9890625,0.9890625
1,88,0.993403,1,1,0,0.9890625,0.9890625,0.9890625,0.9890625
1,89,0.993718,1,1,0,0.9890625,0.9890625,0.9890625,0.9890625
1,90,0.994034,1,1,0,0.9890625,0.9890625,0.9890625,0.9890625
1,91,0.99435,1,1,0,0.9890625,0.9890625,0.9890625,0.9890625
1,92,0.994665,1,1,0,0.9890625,0.9890625,0.9890625,0.9890625
1,93,0.994981,1,1,0,0.9890625,0.9890625,0.9890625,0.9890625
1,94,0.995297,1,1,0,0.9890625,0.9890625,0.9890625,0.9890625
1,95,0.995612,1,1,0,0.9890625,0.9890625,0.9890625,0.9890625
1,96,0.995928,1,1,0,0.9890625,0.9890625,0.9890625,0.9890625
1,97,0.996244,1,1,0,0.9890625,0.9890625,0.9890625,0.9890625
1,98,0.996559,1,1,0,0.9890625,0.9890625,0.9890625,0.9890625
1,99,0.996875,1,1,0,0.9890625,0.9890625,0.9890625,0.9890625
2,0,0.965625,0,0,0,0.9734375,0.9734375,0.9734375,0.9734375
2,1,0.965941,0,0,0,0.9734375,0.9734375,0.9734375,0.9734375
2,2,0.966256,0,0,0,0.9734375,0.9734375,0.9734375,0.9734375
2,3,0.966572,0,0,0,0.9734375,0.9734375,0.9734375,0.9734375
2,4,0.966888,0,0,0,0.9734375,0.9734375,0.9734375,0.9734375
2,5,0.967203,0,0,0,0.9734375,0.9734375,0.9734375,0.9734375
2,6,0.967519,0,0,0,0.9734375,0.9734375,0.9734375,0.9734375
2,7,0.967835,0,0,0,0.9734375,0.9734375,0.9734375,0.9734375
2,8,0.96815,0,0,0,0.9734375,0.9734375,0.9734375,0.9734375
2,9,0.968466,0,0,0,0.9734375,0.9734375,0.9734375,0.9734375
2,10,0.968782,0,0,0,0.9734375,0.9734375,0.9734375,0.9734375
2,11,0.969097,0,0,0,0.9734375,0.9734375,0.9734375,0.9734375
2,12,0.969413,0,0,0,0.9734375,0.9734375,0.9734375,0.9734375
2,13,0.969729,0,0,0,0.9734375,0.9734375,0.9734375,0.9734375
2,14,0.970044,0,0,0,0.9734375,0.9734375,0.9734375,0.9734375
2,15,0.97036,0,0,0,0.9734375,0.9734375,0.9734375,0.9734375
2,16,0.970676,0,0,0,0.9734375,0.9734375,0.9734375,0.9734375
2,17,0.970991,0,0,0,0.9734375,0.9734375,0.9734375,0.9734375
2,18,0.971307,0,0,0,0.9734375,0.9734375,0.9734375,0.9734375
2,19,0.971622,0,0,0,0.9734375,0.9734375,0.9734375,0.9734375
2,20,0.971938,0,0,0,0.9734375,0.9734375,0.9734375,0.9734375
2,21,0.972254,0,0,0,0.9734375,0.9734375,0.9734375,0.9734375
2,22,0.972569,0,0,0,0.9734375,0.9734375,0.9734375,0.9734375
2,23,0.972885,0,0,0,0.9734375,0.9734375,0.9734375,0.9734375
2,24,0.973201,0,0,0,0.9734375,0.9734375,0.9734375,0.9734375
2,25,0.973516,0,0,0,0.9734375,0.9734375,0.9734375,0.9734375
2,26,0.973832,0,0,0,0.9734375,0.9734375,0.9734375,0.9734375
2,27,0.974148,0,0,0,0.9734375,0.9734375,0.9734375,0.9734375
2,28,0.974463,0,0,0,0.9734375,0.9734375,0.9734375,0.9734375
2,29,0.974779,0,0,0,0.9734375,0.9734375,0.9734375,0.9734375
2,30,0.975095,0,0,0,0.9734375,0.9734375,0.9734375,0.9734375
2,31,0.97541,1,0,1,0.9734375,0.9890625,0.9734375,0.98125
2,32,0.975726,0,0,0,0.9734375,0.9734375,0.9734375,0.9734375
2,33,0.976042,1,0,1,0.9734375,0.9890625,0.9734375,0.98125
2,34,0.976357,0,0,0,0.9734375,0.9734375,0.9734375,0.9734375
2,35,0.976673,1,0,1,0.9734375,0.9890625,0.9734375,0.98125
2,36,0.976989,1,0,1,0.9734375,0.9890625,0.9734375,0.98125
2,37,0.977304,1,0,1,0.9734375,0.9890625,0.9734375,0.98125
2,38,0.97762,0,0,0,0.9734375,0.9734375,0.9734375,0.9734375
2,39,0.977936,1,0,1,0.9734375,0.9890625,0.9734375,0.98125
2,40,0.978251,1,0,1,0.9734375,0.9890625,0.9734375,0.98125
2,41,0.978567,1,0,1,0.9734375,0.9890625,0.9734375,0.98125
2,42,0.978883,1,0,1,0.9734375,0.9890625,0.9734375,0.98125
2,43,0.979198,0,0,0,0.9734375,0.9734375,0.9734375,0.9734375
2,44,0.979514,1,0,1,0.9734375,0.9890625,0.9734375,0.98125
2,45,0.97983,1,0,1,0.9734375,0.9890625,0.9734375,0.98125
2,46,0.980145,1,0,1,0.9734375,0.9890625,0.9734375,0.98125
2,47,0.980461,1,0,1,0.9734375,0.9890625,0.9734375,0.98125
2,48,0.980777,1,0,1,0.9734375,0.9890625,0.9734375,0.98125
2,49,0.981092,1,0,1,0.9734375,0.9890625,0.9734375,0.98125
2,50,0.981408,1,0,1,0.9890625,0.9890625,0.9734375,0.98125
2,51,0.981723,1,0,1,0.9890625,0.9890625,0.9734375,0.98125
2,52,0.982039,1,0,1,0.9890625,0.9890625,0.9734375,0.98125
2,53,0.982355,1,0,1,0.9890625,0.9890625,0.9734375,0.98125
2,54,0.98267,1,0,1,0.9890625,0.9890625,0.9734375,0.98125
2,55,0.982986,1,0,1,0.9890625,0.9890625,0.9734375,0.98125
2,56,0.983302,1,0,1,0.9890625,0.9890625,0.9734375,0.98125
2,57,0.983617,1,0,1,0.9890625,0.9890625,0.9734375,0.98125
2,58,0.983933,1,0,1,0.9890625,0.9890625,0.9734375,0.98125
2,59,0.984249,1,0,1,0.9890625,0.9890625,0.9734375,0.98125
2,60,0.984564,1,0,1,0.9890625,0.9890625,0.9734375,0.98125
2,61,0.98488,1,1,0,0.9890625,0.9890625,0.9890625,0.9890625
2,62,0.985196,1,1,0,0.9890625,0.9890625,0.9890625,0.9890625
2,63,0.985511,1,0,1,0.9890625,0.9890625,0.9734375,0.98125
2,64,0.985827,1,1,0,0.9890625,0.9890625,0.9890625,0.9890625
2,65,0.986143,1,1,0,0.9890625,0.9890625,0.9890625,0.9890625
2,66,0.986458,1,0,1,0.9890625,0.9890625,0.9734375,0.98125
2,67,0.986774,1,0,1,0.9890625,0.9890625,0.9734375,0.98125
2,68,0.98709,1,1,0,0.9890625,0.9890625,0.9890625,0.9890625
2,69,0.987405,1,1,0,0.9890625,0.9890625,0.9890625,0.9890625
2,70,0.987721,1,1,0,0.9890625,0.9890625,0.9890625,0.9890625
2,71,0.988037,1,1,0,0.9890625,0.9890625,0.9890625,0.9890625
2,72,0.988352,1,1,0,0.9890625,0.9890625,0.9890625,0.9890625
2,73,0.988668,1,1,0,0.9890625,0.9890625,0.9890625,0.9890625
2,74,0.988984,1,1,0,0.9890625,0.9890625,0.9890625,0.9890625
2,75,0.989299,1,1,0,0.9890625,0.9890625,0.9890625,0.9890625
2,76,0.989615,1,1,0,0.9890625,0.9890625,0.9890625,0.9890625
2,77,0.989931,1,1,0,0.9890625,0.9890625,0.9890625,0.9890625
2,78,0.990246,1,1,0,0.9890625,0.9890625,0.9890625,0.9890625
2,79,0.990562,1,1,0,0.9890625,0.9890625,0.9890625,0.9890625
2,80,0.990878,1,1,0,0.9890625,0.9890625,0.9890625,0.9890625
2,81,0.991193,1,1,0,0.9890625,0.9890625,0.9890625,0.9890625
2,82,0.991509,1,1,0,0.9890625,0.9890625,0.9890625,0.9890625
2,83,0.991824,1,1,0,0.9890625,0.9890625,0.9890625,0.9890625
2,84,0.99214,1,1,0,0.9890625,0.9890625,0.9890625,0.9890625
2,85,0.992456,1,1,0,0.9890625,0.9890625,0.9890625,0.9890625
2,86,0.992771,1,1,0,0.9890625,0.9890625,0.9890625,0.9890625
2,87,0.993087,1,1,0,0.9890625,0.9890625,0.9890625,0.9890625
2,88,0.993403,1,1,0,0.9890625,0.9890625,0.9890625,0.9890625
2,89,0.993718,1,1,0,0.9890625,0.9890625,0.9890625,0.9890625
2,90,0.994034,1,1,0,0.9890625,0.9890625,0.9890625,0.9890625
2,91,0.99435,1,1,0,0.9890625,0.9890625,0.9890625,0.9890625
2,92,0.994665,1,1,0,0.9890625,0.9890625,0.9890625,0.9890625
2,93,0.994981,1,1,0,0.9890625,0.9890625,0.9890625,0.9890625
2,94,0.995297,1,1,0,0.9890625,0.9890625,0.9890625,0.9890625
2,95,0.995612,1,1,0,0.9890625,0.9890625,0.9890625,0.9890625
2,96,0.995928,1,1,0,0.9890625,0.9890625,0.9890625,0.9890625
2,97,0.996244,1,1,0,0.9890625,0.9890625,0.9890625,0.9890625
2,98,0.996559,1,1,0,0.9890625,0.9890625,0.9890625,0.9890625
2,99,0.996875,1,1,0,0.9890625,0.9890625,0.9890625,0.9890625
3,0,0.965625,0,0,0,0.9734375,0.9734375,0.9734375,0.9734375
3,1,0.965941,0,0,0,0.9734375,0.9734375,0.9734375,0.9734375
3,2,0.966256,0,0,0,0.9734375,0.9734375,0.9734375,0.9734375
3,3,0.966572,0,0,0,0.9734375,0.9734375,0.9734375,0.9734375
3,4,0.966888,0,0,0,0.9734375,0.9734375,0.9734375,0.9734375
3,5,0.967203,0,0,0,0.9734375,0.9734375,0.9734375,0.9734375
3,6,0.967519,0,0,0,0.9734375,0.9734375,0.9734375,0.9734375
3,7,0.967835,0,0,0,0.9734375,0.9734375,0.9734375,0.9734375
3,8,0.96815,0,0,0,0.9734375,0.9734375,0.9734375,0.9734375
3,9,0.968466,0,0,0,0.9734375,0.9734375,0.9734375,0.9734375
3,10,0.968782,0,0,0,0.9734375,0.9734375,0.9734375,0.9734375
3,11,0.969097,0,0,0,0.9734375,0.9734375,0.9734375,0.9734375
3,12,0.969413,0,0,0,0.9734375,0.9734375,0.9734375,0.9734375
3,13,0.969729,0,0,0,0.9734375,0.9734375,0.9734375,0.9734375
3,14,0.970044,0,0,0,0.9734375,0.9734375,0.9734375,0.9734375
3,15,0.97036,0,0,0,0.9734375,0.9734375,0.9734375,0.9734375
3,16,0.970676,0,0,0,0.9734375,0.9734375,0.9734375,0.9734375
3,17,0.970991,0,0,0,0.9734375,0.9734375,0.9734375,0.9734375
3,18,0.971307,0,0,0,0.9734375,0.9734375,0.9734375,0.9734375
3,19,0.971622,0,0,0,0.9734375,0.9734375,0.9734375,0.9734375
3,20,0.971938,0,0,0,0.9734375,0.9734375,0.9734375,0.9734375
3,21,0.972254,0,0,0,0.9734375,0.9734375,0.9734375,0.9734375
3,22,0.972569,0,0,0,0.9734375,0.9734375,0.9734375,0.9734375
3,23,0.972885,0,0,0,0.9734375,0.9734375,0.9734375,0.9734375
3,24,0.973201,0,0,0,0.9734375,0.9734375,0.9734375,0.9734375
3,25,0.973516,0,0,0,0.9734375,0.9734375,0.9734375,0.9734375
3,26,0.973832,0,0,0,0.9734375,0.9734375,0.9734375,0.9734375
3,27,0.974148,0,0,0,0.9734375,0.9734375,0.9734375,0.9734375
3,28,0.974463,0,0,0,0.9734375,0.9734375,0.9734375,0.9734375
3,29,0.974779,1,0,1,0.9734375,0.9890625,0.9734375,0.98125
3,30,0.975095,1,0,1,0.9734375,0.9890625,0.9734375,0.98125
3,31,0.97541,1,0,1,0.9734375,0.9890625,0.9734375,0.98125
3,32,0.975726,0,0,0,0.9734375,0.9734375,0.9734375,0.9734375
3,33,0.976042,0,0,0,0.9734375,0.9734375,0.9734375,0.9734375
3,34,0.976357,1,0,1,0.9734375,0.9890625,0.9734375,0.98125
3,35,0.976673,1,0,1,0.9734375,0.9890625,0.9734375,0.98125
3,36,0.976989,0,0,0,0.9734375,0.9734375,0.9734375,0.9734375
3,37,0.977304,1,0,1,0.9734375,0.9890625,0.9734375,0.98125
3,38,0.97762,1,0,1,0.9734375,0.9890625,0.9734375,0.98125
3,39,0.977936,1,0,1,0.9734375,0.9890625,0.9734375,0.98125
3,40,0.978251,1,0,1,0.9734375,0.9890625,0.9734375,0.98125
3,41,0.978567,1,0,1,0.9734375,0.9890625,0.9734375,0.98125
3,42,0.978883,1,0,1,0.9734375,0.9890625,0.9734375,0.98125
3,43,0.979198,1,0,1,0.9734375,0.9890625,0.9734375,0.98125
3,44,0.979514,1,0,1,0.9734375,0.9890625,0.9734375,0.98125
3,45,0.97983,1,0,1,0.9734375,0.9890625,0.9734375,0.98125
3,46,0.980145,1,0,1,0.9734375,0.9890625,0.9734375,0.98125
3,47,0.980461,1,0,1,0.9734375,0.9890625,0.9734375,0.98125
3,48,0.980777,1,0,1,0.9734375,0.9890625,0.9734375,0.98125
3,49,0.981092,1,0,1,0.9734375,0.9890625,0.9734375,0.98125
3,50,0.981408,1,0,1,0.9890625,0.9890625,0.9734375,0.98125
3,51,0.981723,1,0,1,0.9890625,0.9890625,0.9734375,0.98125
3,52,0.982039,1,0,1,0.9890625,0.9890625,0.9734375,0.98125
3,53,0.982355,1,0,1,0.9890625,0.9890625,0.9734375,0.98125
3,54,0.98267,1,0,1,0.9890625,0.9890625,0.9734375,0.98125
3,55,0.982986,1,0,1,0.9890625,0.9890625,0.9734375,0.98125
3,56,0.983302,1,0,1,0.9890625,0.9890625,0.9734375,0.98125
3,57,0.983617,1,0,1,0.9890625,0.9890625,0.9734375,0.98125
3,58,0.983933,1,0,1,0.9890625,0.9890625,0.9734375,0.98125
3,59,0.984249,1,1,0,0.9890625,0.9890625,0.9890625,0.9890625
3,60,0.984564,1,0,1,0.9890625,0.9890625,0.9734375,0.98125
3,61,0.98488,1,0,1,0.9890625,0.9890625,0.9734375,0.98125
3,62,0.985196,1,1,0,0.9890625,0.9890625,0.9890625,0.9890625
3,63,0.985511,1,0,1,0.9890625,0.9890625,0.9734375,0.98125
3,64,0.985827,1,0,1,0.9890625,0.9890625,0.9734375,0.98125
3,65,0.986143,1,0,1,0.9890625,0.9890625,0.9734375,0.98125
3,66,0.986458,1,0,1,0.9890625,0.9890625,0.9734375,0.98125
3,67,0.986774,1,0,1,0.9890625,0.9890625,0.9734375,0.98125
3,68,0.98709,1,0,1,0.9890625,0.9890625,0.9734375,0.98125
3,69,0.987405,1,0,1,0.9890625,0.9890625,0.9734375,0.98125
3,70,0.987721,1,0,1,0.9890625,0.9890625,0.9734375,0.98125
3,71,0.988037,1,0,1,0.9890625,0.9890625,0.9734375,0.98125
3,72,0.988352,1,1,0,0.9890625,0.9890625,0.9890625,0.9890625
3,73,0.988668,1,1,0,0.9890625,0.9890625,0.9890625,0.9890625
3,74,0.988984,1,1,0,0.9890625,0.9890625,0.9890625,0.9890625
3,75,0.989299,1,1,0,0.9890625,0.9890625,0.9890625,0.9890625
3,76,0.989615,1,1,0,0.9890625,0.9890625,0.9890625,0.9890625
3,77,0.989931,1,1,0,0.9890625,0.9890625,0.9890625,0.9890625
3,78,0.990246,1,1,0,0.9890625,0.9890625,0.9890625,0.9890625
3,79,0.990562,1,1,0,0.9890625,0.9890625,0.9890625,0.9890625
3,80,0.990878,1,1,0,0.9890625,0.9890625,0.9890625,0.9890625
3,81,0.991193,1,1,0,0.9890625,0.9890625,0.9890625,0.9890625
3,82,0.991509,1,1,0,0.9890625,0.9890625,0.9890625,0.9890625
3,83,0.991824,1,1,0,0.9890625,0.9890625,0.9890625,0.9890625
3,84,0.99214,1,1,0,0.9890625,0.9890625,0.9890625,0.9890625
3,85,0.992456,1,1,0,0.9890625,0.9890625,0.9890625,0.9890625
3,86,0.992771,1,1,0,0.9890625,0.9890625,0.9890625,0.9890625
3,87,0.993087,1,1,0,0.9890625,0.9890625,0.9890625,0.9890625
3,88,0.993403,1,1,0,0.9890625,0.9890625,0.9890625,0.9890625
3,89,0.993718,1,1,0,0.9890625,0.9890625,0.9890625,0.9890625
3,90,0.994034,1,1,0,0.9890625,0.9890625,0.9890625,0.9890625
3,91,0.99435,1,1,0,0.9890625,0.9890625,0.9890625,0.9890625
3,92,0.994665,1,1,0,0.9890625,0.9890625,0.9890625,0.9890625
3,93,0.994981,1,1,0,0.9890625,0.9890625,0.9890625,0.9890625
3,94,0.995297,1,1,0,0.9890625,0.9890625,0.9890625,0.9890625
3,95,0.995612,1,1,0,0.9890625,0.9890625,0.9890625,0.9890625
3,96,0.995928,1,1,0,0.9890625,0.9890625,0.9890625,0.9890625
3,97,0.996244,1,1,0,0.9890625,0.9890625,0.9890625,0.9890625
3,98,0.996559,1,1,0,0.9890625,0.9890625,0.9890625,0.9890625
3,99,0.996875,1,1,0,0.9890625,0.9890625,0.9890625,0.9890625
4,0,0.965625,0,0,0,0.9734375,0.9734375,0.9734375,0.9734375
4,1,0.965941,0,0,0,0.9734375,0.9734375,0.9734375,0.9734375
4,2,0.966256,0,0,0,0.9734375,0.9734375,0.9734375,0.9734375
4,3,0.966572,0,0,0,0.9734375,0.9734375,0.9734375,0.9734375
4,4,0.966888,0,0,0,0.9734375,0.9734375,0.9734375,0.9734375
4,5,0.967203,0,0,0,0.9734375,0.9734375,0.9734375,0.9734375
4,6,0.967519,0,0,0,0.9734375,0.9734375,0.9734375,0.9734375
4,7,0.967835,0,0,0,0.9734375,0.9734375,0.9734375,0.9734375
4,8,0.96815,0,0,0,0.9734375,0.9734375,0.9734375,0.9734375
4,9,0.968466,0,0,0,0.9734375,0.9734375,0.9734375,0.9734375
4,10,0.968782,0,0,0,0.9734375,0.9734375,0.9734375,0.9734375
4,11,0.969097,0,0,0,0.9734375,0.9734375,0.9734375,0.9734375
4,12,0.969413,0,0,0,0.9734375,0.9734375,0.9734375,0.9734375
4,13,0.969729,0,0,0,0.9734375,0.9734375,0.9734375,0.9734375
4,14,0.970044,0,0,0,0.9734375,0.9734375,0.9734375,0.9734375
4,15,0.97036,0,0,0,0.9734375,0.9734375,0.9734375,0.9734375
4,16,0.970676,0,0,0,0.9734375,0.9734375,0.9734375,0.9734375
4,17,0.970991,0,0,0,0.9734375,0.9734375,0.9734375,0.9734375
4,18,0.971307,0,0,0,0.9734375,0.9734375,0.9734375,0.9734375
4,19,0.971622,1,0,1,0.9734375,0.9890625,0.9734375,0.98125
4,20,0.971938,0,0,0,0.9734375,0.9734375,0.9734375,0.9734375
4,21,0.972254,0,0,0,0.9734375,0.9734375,0.9734375,0.9734375
4,22,0.972569,0,0,0,0.9734375,0.9734375,0.9734375,0.9734375
4,23,0.972885,0,0,0,0.9734375,0.9734375,0.9734375,0.9734375
4,24,0.973201,1,0,1,0.9734375,0.9890625,0.9734375,0.98125
4,25,0.973516,0,0,0,0.9734375,0.9734375,0.9734375,0.9734375
4,26,0.973832,1,0,1,0.9734375,0.9890625,0.9734375,0.98125
4,27,0.974148,1,0,1,0.9734375,0.9890625,0.9734375,0.98125
4,28,0.974463,0,0,0,0.9734375,0.9734375,0.9734375,0.9734375
4,29,0.974779,0,0,0,0.9734375,0.9734375,0.9734375,0.9734375
4,30,0.975095,1,0,1,0.9734375,0.9890625,0.9734375,0.98125
4,31,0.97541,1,0,1,0.9734375,0.9890625,0.9734375,0.98125
4,32,0.975726,1,0,1,0.9734375,0.9890625,0.9734375,0.98125
4,33,0.976042,1,0,1,0.9734375,0.9890625,0.9734375,0.98125
4,34,0.976357,1,0,1,0.9734375,0.9890625,0.9734375,0.98125
4,35,0.976673,1,0,1,0.9734375,0.9890625,0.9734375,0.98125
4,36,0.976989,1,0,1,0.9734375,0.9890625,0.9734375,0.98125
4,37,0.977304,1,0,1,0.9734375,0.9890625,0.9734375,0.98125
4,38,0.97762,1,0,1,0.9734375,0.9890625,0.9734375,0.98125
4,39,0.977936,1,0,1,0.9734375,0.9890625,0.9734375,0.98125
4,40,0.978251,0,0,0,0.9734375,0.9734375,0.9734375,0.9734375
4,41,0.978567,1,0,1,0.9734375,0.9890625,0.9734375,0.98125
4,42,0.978883,1,0,1,0.9734375,0.9890625,0.9734375,0.98125
4,43,0.979198,1,0,1,0.9734375,0.9890625,0.9734375,0.98125
4,44,0.979514,1,0,1,0.9734375,0.9890625,0.9734375,0.98125
4,45,0.97983,1,0,1,0.9734375,0.9890625,0.9734375,0.98125
4,46,0.980145,1,0,1,0.9734375,0.9890625,0.9734375,0.98125
4,47,0.980461,1,0,1,0.9734375,0.9890625,0.9734375,0.98125
4,48,0.980777,1,0,1,0.9734375,0.9890625,0.9734375,0.98125
4,49,0.981092,1,0,1,0.9734375,0.9890625,0.9734375,0.98125
4,50,0.981408,1,0,1,0.9890625,0.9890625,0.9734375,0.98125
4,51,0.981723,1,0,1,0.9890625,0.9890625,0.9734375,0.98125
4,52,0.982039,1,0,1,0.9890625,0.9890625,0.9734375,0.98125
4,53,0.982355,1,0,1,0.9890625,0.9890625,0.9734375,0.98125
4,54,0.98267,1,0,1,0.9890625,0.9890625,0.9734375,0.98125
4,55,0.982986,1,0,1,0.9890625,0.9890625,0.9734375,0.98125
4,56,0.983302,1,0,1,0.9890625,0.9890625,0.9734375,0.98125
4,57,0.983617,1,0,1,0.9890625,0.9890625,0.9734375,0.98125
4,58,0.983933,1,0,1,0.9890625,0.9890625,0.9734375,0.98125
4,59,0.984249,1,0,1,0.9890625,0.9890625,0.9734375,0.98125
4,60,0.984564,1,0,1,0.9890625,0.9890625,0.9734375,0.98125
4,61,0.98488,1,0,1,0.9890625,0.9890625,0.9734375,0.98125
4,62,0.985196,1,0,1,0.9890625,0.9890625,0.9734375,0.98125
4,63,0.985511,1,0,1,0.9890625,0.9890625,0.9734375,0.98125
4,64,0.985827,1,0,1,0.9890625,0.9890625,0.9734375,0.98125
4,65,0.986143,1,1,0,0.9890625,0.9890625,0.9890625,0.9890625
4,66,0.986458,1,1,0,0.9890625,0.9890625,0.9890625,0.9890625
4,67,0.986774,1,1,0,0.9890625,0.9890625,0.9890625,0.9890625
4,68,0.98709,1,1,0,0.9890625,0.9890625,0.9890625,0.9890625
4,69,0.987405,1,1,0,0.9890625,0.9890625,0.9890625,0.9890625
4,70,0.987721,1,1,0,0.9890625,0.9890625,0.9890625,0.9890625
4,71,0.988037,1,1,0,0.9890625,0.9890625,0.9890625,0.9890625
4,72,0.988352,1,1,0,0.9890625,0.9890625,0.9890625,0.9890625
4,73,0.988668,1,1,0,0.9890625,0.9890625,0.9890625,0.9890625
4,74,0.988984,1,1,0,0.9890625,0.9890625,0.9890625,0.9890625
4,75,0.989299,1,1,0,0.9890625,0.9890625,0.9890625,0.9890625
4,76,0.989615,1,1,0,0.9890625,0.9890625,0.9890625,0.9890625
4,77,0.989931,1,1,0,0.9890625,0.9890625,0.9890625,0.9890625
4,78,0.990246,1,1,0,0.9890625,0.9890625,0.9890625,0.9890625
4,79,0.990562,1,1,0,0.9890625,0.9890625,0.9890625,0.9890625
4,80,0.990878,1,1,0,0.9890625,0.9890625,0.9890625,0.9890625
4,81,0.991193,1,1,0,0.9890625,0.9890625,0.9890625,0.9890625
4,82,0.991509,1,1,0,0.9890625,0.9890625,0.9890625,0.9890625
4,83,0.991824,1,1,0,0.9890625,0.9890625,0.9890625,0.9890625
4,84,0.99214,1,1,0,0.9890625,0.9890625,0.9890625,0.9890625
4,85,0.992456,1,1,0,0.9890625,0.9890625,0.9890625,0.9890625
4,86,0.992771,1,1,0,0.9890625,0.9890625,0.9890625,0.9890625
4,87,0.993087,1,1,0,0.9890625,0.9890625,0.9890625,0.9890625
4,88,0.993403,1,1,0,0.9890625,0.9890625,0.9890625,0.9890625
4,89,0.993718,1,1,0,0.9890625,0.9890625,0.9890625,0.9890625
4,90,0.994034,1,1,0,0.9890625,0.9890625,0.9890625,0.9890625
4,91,0.99435,1,1,0,0.9890625,0.9890625,0.9890625,0.9890625
4,92,0.994665,1,1,0,0.9890625,0.9890625,0.9890625,0.9890625
4,93,0.994981,1,1,0,0.9890625,0.9890625,0.9890625,0.9890625
4,94,0.995297,1,1,0,0.9890625,0.9890625,0.9890625,0.9890625
4,95,0.995612,1,1,0,0.9890625,0.9890625,0.9890625,0.9890625
4,96,0.995928,1,1,0,0.9890625,0.9890625,0.9890625,0.9890625
4,97,0.996244,1,1,0,0.9890625,0.9890625,0.9890625,0.9890625
4,98,0.996559,1,1,0,0.9890625,0.9890625,0.9890625,0.9890625
4,99,0.996875,1,1,0,0.9890625,0.9890625,0.9890625,0.9890625
5,0,0.965625,0,0,0,0.9734375,0.9734375,0.9734375,0.9734375
5,1,0.965941,0,0,0,0.9734375,0.9734375,0.9734375,0.9734375
5,2,0.966256,0,0,0,0.9734375,0.9734375,0.9734375,0.9734375
5,3,0.966572,0,0,0,0.9734375,0.9734375,0.9734375,0.9734375
5,4,0.966888,0,0,0,0.9734375,0.9734375,0.9734375,0.9734375
5,5,0.967203,0,0,0,0.9734375,0.9734375,0.9734375,0.9734375
5,6,0.967519,0,0,0,0.9734375,0.9734375,0.9734375,0.9734375
5,7,0.967835,0,0,0,0.9734375,0.9734375,0.9734375,0.9734375
5,8,0.96815,0,0,0,0.9734375,0.9734375,0.9734375,0.9734375
5,9,0.968466,0,0,0,0.9734375,0.9734375,0.9734375,0.9734375
5,10,0.968782,0,0,0,0.9734375,0.9734375,0.9734375,0.9734375
5,11,0.969097,0,0,0,0.9734375,0.9734375,0.9734375,0.9734375
5,12,0.969413,0,0,0,0.9734375,0.9734375,0.9734375,0.9734375
5,13,0.969729,0,0,0,0.9734375,0.9734375,0.9734375,0.9734375
5,14,0.970044,0,0,0,0.9734375,0.9734375,0.9734375,0.9734375
5,15,0.97036,0,0,0,0.9734375,0.9734375,0.9734375,0.9734375
5,16,0.970676,0,0,0,0.9734375,0.9734375,0.9734375,0.9734375
5,17,0.970991,0,0,0,0.9734375,0.9734375,0.9734375,0.9734375
5,18,0.971307,0,0,0,0.9734375,0.9734375,0.9734375,0.9734375
5,19,0.971622,0,0,0,0.9734375,0.9734375,0.9734375,0.9734375
5,20,0.971938,0,0,0,0.9734375,0.9734375,0.9734375,0.9734375
5,21,0.972254,0,0,0,0.9734375,0.9734375,0.9734375,0.9734375
5,22,0.972569,1,0,1,0.9734375,0.9890625,0.9734375,0.98125
5,23,0.972885,0,0,0,0.9734375,0.9734375,0.9734375,0.9734375
5,24,0.973201,0,0,0,0.9734375,0.9734375,0.9734375,0.9734375
5,25,0.973516,0,0,0,0.9734375,0.9734375,0.9734375,0.9734375
5,26,0.973832,0,0,0,0.9734375,0.9734375,0.9734375,0.9734375
5,27,0.974148,0,0,0,0.9734375,0.9734375,0.9734375,0.9734375
5,28,0.974463,0,0,0,0.9734375,0.9734375,0.9734375,0.9734375
5,29,0.974779,0,0,0,0.9734375,0.9734375,0.9734375,0.9734375
5,30,0.975095,0,0,0,0.9734375,0.9734375,0.9734375,0.9734375
5,31,0.97541,0,0,0,0.9734375,0.9734375,0.9734375,0.9734375
5,32,0.975726,0,0,0,0.9734375,0.9734375,0.9734375,0.9734375
5,33,0.976042,1,0,1,0.9734375,0.9890625,0.9734375,0.98125
5,34,0.976357,0,0,0,0.9734375,0.9734375,0.9734375,0.9734375
5,35,0.976673,0,0,0,0.9734375,0.9734375,0.9734375,0.9734375
5,36,0.976989,1,0,1,0.9734375,0.9890625,0.9734375,0.98125
5,37,0.977304,1,0,1,0.9734375,0.9890625,0.9734375,0.98125
5,38,0.97762,1,0,1,0.9734375,0.9890625,0.9734375,0.98125
5,39,0.977936,1,0,1,0.9734375,0.9890625,0.9734375,0.98125
5,40,0.978251,1,0,1,0.9734375,0.9890625,0.9734375,0.98125
5,41,0.978567,1,0,1,0.9734375,0.9890625,0.9734375,0.98125
5,42,0.978883,1,0,1,0.9734375,0.9890625,0.9734375,0.98125
5,43,0.979198,1,0,1,0.9734375,0.9890625,0.9734375,0.98125
5,44,0.979514,1,0,1,0.9734375,0.9890625,0.9734375,0.98125
5,45,0.97983,1,0,1,0.9734375,0.9890625,0.9734375,0.98125
5,46,0.980145,1,0,1,0.9734375,0.9890625,0.9734375,0.98125
5,47,0.980461,1,0,1,0.9734375,0.9890625,0.9734375,0.98125
5,48,0.980777,1,0,1,0.9734375,0.9890625,0.9734375,0.98125
5,49,0.981092,1,0,1,0.9734375,0.9890625,0.9734375,0.98125
5,50,0.981408,1,0,1,0.9890625,0.9890625,0.9734375,0.98125
5,51,0.981723,1,0,1,0.9890625,0.9890625,0.9734375,0.98125
5,52,0.982039,1,0,1,0.9890625,0.9890625,0.9734375,0.98125
5,53,0.982355,1,0,1,0.9890625,0.9890625,0.9734375,0.98125
5,54,0.98267,1,0,1,0.9890625,0.9890625,0.9734375,0.98125
5,55,0.982986,1,0,1,0.9890625,0.9890625,0.9734375,0.98125
5,56,0.983302,1,0,1,0.9890625,0.9890625,0.9734375,0.98125
5,57,0.983617,1,0,1,0.9890625,0.9890625,0.9734375,0.98125
5,58,0.983933,1,0,1,0.9890625,0.9890625,0.9734375,0.98125
5,59,0.984249,1,0,1,0.9890625,0.9890625,0.9734375,0.98125
5,60,0.984564,1,0,1,0.9890625,0.9890625,0.9734375,0.98125
5,61,0.98488,1,0,1,0.9890625,0.9890625,0.9734375,0.98125
5,62,0.985196,1,0,1,0.9890625,0.9890625,0.9734375,0.98125
5,63,0.985511,1,0,1,0.9890625,0.9890625,0.9734375,0.98125
5,64,0.985827,1,0,1,0.9890625,0.9890625,0.9734375,0.98125
5,65,0.986143,1,0,1,0.9890625,0.9890625,0.9734375,0.98125
5,66,0.986458,1,1,0,0.9890625,0.9890625,0.9890625,0.9890625
5,67,0.986774,1,0,1,0.9890625,0.9890625,0.9734375,0.98125
5,68,0.98709,1,0,1,0.9890625,0.9890625,0.9734375,0.98125
5,69,0.987405,1,0,1,0.9890625,0.9890625,0.9734375,0.98125
5,70,0.987721,1,0,1,0.9890625,0.9890625,0.9734375,0.98125
5,71,0.988037,1,1,0,0.9890625,0.9890625,0.9890625,0.9890625
5,72,0.988352,1,1,0,0.9890625,0.9890625,0.9890625,0.9890625
5,73,0.988668,1,1,0,0.9890625,0.9890625,0.9890625,0.9890625
5,74,0.988984,1,1,0,0.9890625,0.9890625,0.9890625,0.9890625
5,75,0.989299,1,1,0,0.9890625,0.9890625,0.9890625,0.9890625
5,76,0.989615,1,1,0,0.9890625,0.9890625,0.9890625,0.9890625
5,77,0.989931,1,1,0,0.9890625,0.9890625,0.9890625,0.9890625
5,78,0.990246,1,1,0,0.9890625,0.9890625,0.9890625,0.9890625
5,79,0.990562,1,1,0,0.9890625,0.9890625,0.9890625,0.9890625
5,80,0.990878,1,1,0,0.9890625,0.9890625,0.9890625,0.9890625
5,81,0.991193,1,1,0,0.9890625,0.9890625,0.9890625,0.9890625
5,82,0.991509,1,1,0,0.9890625,0.9890625,0.9890625,0.9890625
5,83,0.991824,1,1,0,0.9890625,0.9890625,0.9890625,0.9890625
5,84,0.99214,1,1,0,0.9890625,0.9890625,0.9890625,0.9890625
5,85,0.992456,1,1,0,0.9890625,0.9890625,0.9890625,0.9890625
5,86,0.992771,1,1,0,0.9890625,0.9890625,0.9890625,0.9890625
5,87,0.993087,1,1,0,0.9890625,0.9890625,0.9890625,0.9890625
5,88,0.993403,1,1,0,0.9890625,0.9890625,0.9890625,0.9890625
5,89,0.993718,1,1,0,0.9890625,0.9890625,0.9890625,0.9890625
5,90,0.994034,1,1,0,0.9890625,0.9890625,0.9890625,0.9890625
5,91,0.99435,1,1,0,0.9890625,0.9890625,0.9890625,0.9890625
5,92,0.994665,1,1,0,0.9890625,0.9890625,0.9890625,0.9890625
5,93,0.994981,1,1,0,0.9890625,0.9890625,0.9890625,0.9890625
5,94,0.995297,1,1,0,0.9890625,0.9890625,0.9890625,0.9890625
5,95,0.995612,1,1,0,0.9890625,0.9890625,0.9890625,0.9890625
5,96,0.995928,1,1,0,0.9890625,0.9890625,0.9890625,0.9890625
5,97,0.996244,1,1,0,0.9890625,0.9890625,0.9890625,0.9890625
5,98,0.996559,1,1,0,0.9890625,0.9890625,0.9890625,0.9890625
5,99,0.996875,1,1,0,0.9890625,0.9890625,0.9890625,0.9890625
6,0,0.965625,0,0,0,0.9734375,0.9734375,0.9734375,0.9734375
6,1,0.965941,0,0,0,0.9734375,0.9734375,0.9734375,0.9734375
6,2,0.966256,0,0,0,0.9734375,0.9734375,0.9734375,0.9734375
6,3,0.966572,0,0,0,0.9734375,0.9734375,0.9734375,0.9734375
6,4,0.966888,0,0,0,0.9734375,0.9734375,0.9734375,0.9734375
6,5,0.967203,0,0,0,0.9734375,0.9734375,0.9734375,0.9734375
6,6,0.967519,0,0,0,0.9734375,0.9734375,0.9734375,0.9734375
6,7,0.967835,0,0,0,0.9734375,0.9734375,0.9734375,0.9734375
6,8,0.96815,0,0,0,0.9734375,0.9734375,0.9734375,0.9734375
6,9,0.968466,0,0,0,0.9734375,0.9734375,0.9734375,0.9734375
6,10,0.968782,0,0,0,0.9734375,0.9734375,0.9734375,0.9734375
6,11,0.969097,0,0,0,0.9734375,0.9734375,0.9734375,0.9734375
6,12,0.969413,0,0,0,0.9734375,0.9734375,0.9734375,0.9734375
6,13,0.969729,0,0,0,0.9734375,0.9734375,0.9734375,0.9734375
6,14,0.970044,0,0,0,0.9734375,0.9734375,0.9734375,0.9734375
6,15,0.97036,0,0,0,0.9734375,0.9734375,0.9734375,0.9734375
6,16,0.970676,0,0,0,0.9734375,0.9734375,0.9734375,0.9734375
6,17,0.970991,0,0,0,0.9734375,0.9734375,0.9734375,0.9734375
6,18,0.971307,0,0,0,0.9734375,0.9734375,0.9734375,0.9734375
6,19,0.971622,0,0,0,0.9734375,0.9734375,0.9734375,0.9734375
6,20,0.971938,0,0,0,0.9734375,0.9734375,0.9734375,0.9734375
6,21,0.972254,0,0,0,0.9734375,0.9734375,0.9734375,0.9734375
6,22,0.972569,0,0,0,0.9734375,0.9734375,0.9734375,0.9734375
6,23,0.972885,0,0,0,0.9734375,0.9734375,0.9734375,0.9734375
6,24,0.973201,1,0,1,0.9734375,0.9890625,0.9734375,0.98125
6,25,0.973516,0,0,0,0.9734375,0.9734375,0.9734375,0.9734375
6,26,0.973832,0,0,0,0.9734375,0.9734375,0.9734375,0.9734375
6,27,0.974148,0,0,0,0.9734375,0.9734375,0.9734375,0.9734375
6,28,0.974463,0,0,0,0.9734375,0.9734375,0.9734375,0.9734375
6,29,0.974779,0,0,0,0.9734375,0.9734375,0.9734375,0.9734375
6,30,0.975095,0,0,0,0.9734375,0.9734375,0.9734375,0.9734375
6,31,0.97541,0,0,0,0.9734375,0.9734375,0.9734375,0.9734375
6,32,0.975726,0,0,0,0.9734375,0.9734375,0.9734375,0.9734375
6,33,0.976042,0,0,0,0.9734375,0.9734375,0.9734375,0.9734375
6,34,0.976357,0,0,0,0.9734375,0.9734375,0.9734375,0.9734375
6,35,0.976673,1,0,1,0.9734375,0.9890625,0.9734375,0.98125
6,36,0.976989,0,0,0,0.9734375,0.9734375,0.9734375,0.9734375
6,37,0.977304,0,0,0,0.9734375,0.9734375,0.9734375,0.9734375
6,38,0.97762,0,0,0,0.9734375,0.9734375,0.9734375,0.9734375
6,39,0.977936,0,0,0,0.9734375,0.9734375,0.9734375,0.9734375
6,40,0.978251,0,0,0,0.9734375,0.9734375,0.9734375,0.9734375
6,41,0.978567,1,0,1,0.9734375,0.9890625,0.9734375,0.98125
6,42,0.978883,1,0,1,0.9734375,0.9890625,0.9734375,0.98125
6,43,0.979198,0,0,0,0.9734375,0.9734375,0.9734375,0.9734375
6,44,0.979514,1,0,1,0.9734375,0.9890625,0.9734375,0.98125
6,45,0.97983,1,0,1,0.9734375,0.9890625,0.9734375,0.98125
6,46,0.980145,0,0,0,0.9734375,0.9734375,0.9734375,0.9734375
6,47,0.980461,0,0,0,0.9734375,0.9734375,0.9734375,0.9734375
6,48,0.980777,1,0,1,0.9734375,0.9890625,0.9734375,0.98125
6,49,0.981092,1,0,1,0.9734375,0.9890625,0.9734375,0.98125
6,50,0.981408,1,0,1,0.9890625,0.9890625,0.9734375,0.98125
6,51,0.981723,1,0,1,0.9890625,0.9890625,0.9734375,0.98125
6,52,0.982039,1,0,1,0.9890625,0.9890625,0.9734375,0.98125
6,53,0.982355,1,0,1,0.9890625,0.9890625,0.9734375,0.98125
6,54,0.98267,1,0,1,0.9890625,0.9890625,0.9734375,0.98125
6,55,0.982986,1,0,1,0.9890625,0.9890625,0.9734375,0.98125
6,56,0.983302,1,0,1,0.9890625,0.9890625,0.9734375,0.98125
6,57,0.983617,1,0,1,0.9890625,0.9890625,0.9734375,0.98125
6,58,0.983933,1,0,1,0.9890625,0.9890625,0.9734375,0.98125
6,59,0.984249,1,0,1,0.9890625,0.9890625,0.9734375,0.98125
6,60,0.984564,1,0,1,0.9890625,0.9890625,0.9734375,0.98125
6,61,0.98488,1,0,1,0.9890625,0.9890625,0.9734375,0.98125
6,62,0.985196,1,0,1,0.9890625,0.9890625,0.9734375,0.98125
6,63,0.985511,1,0,1,0.9890625,0.9890625,0.9734375,0.98125
6,64,0.985827,1,0,1,0.9890625,0.9890625,0.9734375,0.98125
6,65,0.986143,1,0,1,0.9890625,0.9890625,0.9734375,0.98125
6,66,0.986458,1,0,1,0.9890625,0.9890625,0.9734375,0.98125
6,67,0.986774,1,1,0,0.9890625,0.9890625,0.9890625,0.9890625
6,68,0.98709,1,1,0,0.9890625,0.9890625,0.9890625,0.9890625
6,69,0.987405,1,1,0,0.9890625,0.9890625,0.9890625,0.9890625
6,70,0.987721,1,0,1,0.9890625,0.9890625,0.9734375,0.98125
6,71,0.988037,1,0,1,0.9890625,0.9890625,0.9734375,0.98125
6,72,0.988352,1,1,0,0.9890625,0.9890625,0.9890625,0.9890625
6,73,0.988668,1,1,0,0.9890625,0.9890625,0.9890625,0.9890625
6,74,0.988984,1,1,0,0.9890625,0.9890625,0.9890625,0.9890625
6,75,0.989299,1,1,0,0.9890625,0.9890625,0.9890625,0.9890625
6,76,0.989615,1,1,0,0.9890625,0.9890625,0.9890625,0.9890625
6,77,0.989931,1,1,0,0.9890625,0.9890625,0.9890625,0.9890625
6,78,0.990246,1,1,0,0.9890625,0.9890625,0.9890625,0.9890625
6,79,0.990562,1,1,0,0.9890625,0.9890625,0.9890625,0.9890625
6,80,0.990878,1,1,0,0.9890625,0.9890625,0.9890625,0.9890625
6,81,0.991193,1,1,0,0.9890625,0.9890625,0.9890625,0.9890625
6,82,0.991509,1,1,0,0.9890625,0.9890625,0.9890625,0.9890625
6,83,0.991824,1,1,0,0.9890625,0.9890625,0.9890625,0.9890625
6,84,0.99214,1,1,0,0.9890625,0.9890625,0.9890625,0.9890625
6,85,0.992456,1,1,0,0.9890625,0.9890625,0.9890625,0.9890625
6,86,0.992771,1,1,0,0.9890625,0.9890625,0.9890625,0.9890625
6,87,0.993087,1,1,0,0.9890625,0.9890625,0.9890625,0.9890625
6,88,0.993403,1,1,0,0.9890625,0.9890625,0.9890625,0.9890625
6,89,0.993718,1,1,0,0.9890625,0.9890625,0.9890625,0.9890625
6,90,0.994034,1,1,0,0.9890625,0.9890625,0.9890625,0.9890625
6,91,0.99435,1,1,0,0.9890625,0.9890625,0.9890625,0.9890625
6,92,0.994665,1,1,0,0.9890625,0.9890625,0.9890625,0.9890625
6,93,0.994981,1,1,0,0.9890625,0.9890625,0.9890625,0.9890625
6,94,0.995297,1,1,0,0.9890625,0.9890625,0.9890625,0.9890625
6,95,0.995612,1,1,0,0.9890625,0.9890625,0.9890625,0.9890625
6,96,0.995928,1,1,0,0.9890625,0.9890625,0.9890625,0.9890625
6,97,0.996244,1,1,0,0.9890625,0.9890625,0.9890625,0.9890625
6,98,0.996559,1,1,0,0.9890625,0.9890625,0.9890625,0.9890625
6,99,0.996875,1,1,0,0.9890625,0.9890625,0.9890625,0.9890625
7,0,0.965625,0,0,0,0.9734375,0.9734375,0.9734375,0.9734375
7,1,0.965941,0,0,0,0.9734375,0.9734375,0.9734375,0.9734375
7,2,0.966256,0,0,0,0.9734375,0.9734375,0.9734375,0.9734375
7,3,0.966572,0,0,0,0.9734375,0.9734375,0.9734375,0.9734375
7,4,0.966888,0,0,0,0.9734375,0.9734375,0.9734375,0.9734375
7,5,0.967203,0,0,0,0.9734375,0.9734375,0.9734375,0.9734375
7,6,0.967519,0,0,0,0.9734375,0.9734375,0.9734375,0.9734375
7,7,0.967835,0,0,0,0.9734375,0.9734375,0.9734375,0.9734375
7,8,0.96815,0,0,0,0.9734375,0.9734375,0.9734375,0.9734375
7,9,0.968466,0,0,0,0.9734375,0.9734375,0.9734375,0.9734375
7,10,0.968782,0,0,0,0.9734375,0.9734375,0.9734375,0.9734375
7,11,0.969097,0,0,0,0.9734375,0.9734375,0.9734375,0.9734375
7,12,0.969413,0,0,0,0.9734375,0.9734375,0.9734375,0.9734375
7,13,0.969729,0,0,0,0.9734375,0.9734375,0.9734375,0.9734375
7,14,0.970044,0,0,0,0.9734375,0.9734375,0.9734375,0.9734375
7,15,0.97036,0,0,0,0.9734375,0.9734375,0.9734375,0.9734375
7,16,0.970676,0,0,0,0.9734375,0.9734375,0.9734375,0.9734375
7,17,0.970991,0,0,0,0.9734375,0.9734375,0.9734375,0.9734375
7,18,0.971307,0,0,0,0.9734375,0.9734375,0.9734375,0.9734375
7,19,0.971622,0,0,0,0.9734375,0.9734375,0.9734375,0.9734375
7,20,0.971938,0,0,0,0.9734375,0.9734375,0.9734375,0.9734375
7,21,0.972254,0,0,0,0.9734375,0.9734375,0.9734375,0.9734375
7,22,0.972569,0,0,0,0.9734375,0.9734375,0.9734375,0.9734375
7,23,0.972885,0,0,0,0.9734375,0.9734375,0.9734375,0.9734375
7,24,0.973201,0,0,0,0.9734375,0.9734375,0.9734375,0.9734375
7,25,0.973516,0,0,0,0.9734375,0.9734375,0.9734375,0.9734375
7,26,0.973832,0,0,0,0.9734375,0.9734375,0.9734375,0.9734375
7,27,0.974148,0,0,0,0.9734375,0.9734375,0.9734375,0.9734375
7,28,0.974463,0,0,0,0.9734375,0.9734375,0.9734375,0.9734375
7,29,0.974779,0,0,0,0.9734375,0.9734375,0.9734375,0.9734375
7,30,0.975095,0,0,0,0.9734375,0.9734375,0.9734375,0.9734375
7,31,0.97541,0,0,0,0.9734375,0.9734375,0.9734375,0.9734375
7,32,0.975726,0,0,0,0.9734375,0.9734375,0.9734375,0.9734375
7,33,0.976042,0,0,0,0.9734375,0.9734375,0.9734375,0.9734375
7,34,0.976357,0,0,0,0.9734375,0.9734375,0.9734375,0.9734375
7,35,0.976673,0,0,0,0.9734375,0.9734375,0.9734375,0.9734375
7,36,0.976989,1,0,1,0.9734375,0.9890625,0.9734375,0.98125
7,37,0.977304,1,0,1,0.9734375,0.9890625,0.9734375,0.98125
7,38,0.97762,0,0,0,0.9734375,0.9734375,0.9734375,0.9734375
7,39,0.977936,1,0,1,0.9734375,0.9890625,0.9734375,0.98125
7,40,0.978251,1,0,1,0.9734375,0.9890625,0.9734375,0.98125
7,41,0.978567,1,0,1,0.9734375,0.9890625,0.9734375,0.98125
7,42,0.978883,1,0,1,0.9734375,0.9890625,0.9734375,0.98125
7,43,0.979198,1,0,1,0.9734375,0.9890625,0.9734375,0.98125
7,44,0.979514,0,0,0,0.9734375,0.9734375,0.9734375,0.9734375
7,45,0.97983,0,0,0,0.9734375,0.9734375,0.9734375,0.9734375
7,46,0.980145,1,0,1,0.9734375,0.9890625,0.9734375,0.98125
7,47,0.980461,1,0,1,0.9734375,0.9890625,0.9734375,0.98125
7,48,0.980777,1,0,1,0.9734375,0.9890625,0.9734375,0.98125
7,49,0.981092,1,0,1,0.9734375,0.9890625,0.9734375,0.98125
7,50,0.981408,1,0,1,0.9890625,0.9890625,0.9734375,0.98125
7,51,0.981723,1,0,1,0.9890625,0.9890625,0.9734375,0.98125
7,52,0.982039,1,0,1,0.9890625,0.9890625,0.9734375,0.98125
7,53,0.982355,1,0,1,0.9890625,0.9890625,0.9734375,0.98125
7,54,0.98267,1,0,1,0.9890625,0.9890625,0.9734375,0.98125
7,55,0.982986,1,0,1,0.9890625,0.9890625,0.9734375,0.98125
7,56,0.983302,1,0,1,0.9890625,0.9890625,0.9734375,0.98125
7,57,0.983617,1,0,1,0.9890625,0.9890625,0.9734375,0.98125
7,58,0.983933,1,1,0,0.9890625,0.9890625,0.9890625,0.9890625
7,59,0.984249,1,0,1,0.9890625,0.9890625,0.9734375,0.98125
7,60,0.984564,1,0,1,0.9890625,0.9890625,0.9734375,0.98125
7,61,0.98488,1,0,1,0.9890625,0.9890625,0.9734375,0.98125
7,62,0.985196,1,0,1,0.9890625,0.9890625,0.9734375,0.98125
7,63,0.985511,1,0,1,0.9890625,0.9890625,0.9734375,0.98125
7,64,0.985827,1,0,1,0.9890625,0.9890625,0.9734375,0.98125
7,65,0.986143,1,0,1,0.9890625,0.9890625,0.9734375,0.98125
7,66,0.986458,1,1,0,0.9890625,0.9890625,0.9890625,0.9890625
7,67,0.986774,1,0,1,0.9890625,0.9890625,0.9734375,0.98125
7,68,0.98709,1,1,0,0.9890625,0.9890625,0.9890625,0.9890625
7,69,0.987405,1,1,0,0.9890625,0.9890625,0.9890625,0.9890625
7,70,0.987721,1,0,1,0.9890625,0.9890625,0.9734375,0.98125
7,71,0.988037,1,1,0,0.9890625,0.9890625,0.9890625,0.9890625
7,72,0.988352,1,1,0,0.9890625,0.9890625,0.9890625,0.9890625
7,73,0.988668,1,1,0,0.9890625,0.9890625,0.9890625,0.9890625
7,74,0.988984,1,1,0,0.9890625,0.9890625,0.9890625,0.9890625
7,75,0.989299,1,1,0,0.9890625,0.9890625,0.9890625,0.9890625
7,76,0.989615,1,1,0,0.9890625,0.9890625,0.9890625,0.9890625
7,77,0.989931,1,1,0,0.9890625,0.9890625,0.9890625,0.9890625
7,78,0.990246,1,1,0,0.9890625,0.9890625,0.9890625,0.9890625
7,79,0.990562,1,1,0,0.9890625,0.9890625,0.9890625,0.9890625
7,80,0.990878,1,1,0,0.9890625,0.9890625,0.9890625,0.9890625
7,81,0.991193,1,1,0,0.9890625,0.9890625,0.9890625,0.9890625
7,82,0.991509,1,1,0,0.9890625,0.9890625,0.9890625,0.9890625
7,83,0.991824,1,1,0,0.9890625,0.9890625,0.9890625,0.9890625
7,84,0.99214,1,1,0,0.9890625,0.9890625,0.9890625,0.9890625
7,85,0.992456,1,1,0,0.9890625,0.9890625,0.9890625,0.9890625
7,86,0.992771,1,1,0,0.9890625,0.9890625,0.9890625,0.9890625
7,87,0.993087,1,1,0,0.9890625,0.9890625,0.9890625,0.9890625
7,88,0.993403,1,1,0,0.9890625,0.9890625,0.9890625,0.9890625
7,89,0.993718,1,1,0,0.9890625,0.9890625,0.9890625,0.9890625
7,90,0.994034,1,1,0,0.9890625,0.9890625,0.9890625,0.9890625
7,91,0.99435,1,1,0,0.9890625,0.9890625,0.9890625,0.9890625
7,92,0.994665,1,1,0,0.9890625,0.9890625,0.9890625,0.9890625
7,93,0.994981,1,1,0,0.9890625,0.9890625,0.9890625,0.9890625
7,94,0.995297,1,1,0,0.9890625,0.9890625,0.9890625,0.9890625
7,95,0.995612,1,1,0,0.9890625,0.9890625,0.9890625,0.9890625
7,96,0.995928,1,1,0,0.9890625,0.9890625,0.9890625,0.9890625
7,97,0.996244,1,1,0,0.9890625,0.9890625,0.9890625,0.9890625
7,98,0.996559,1,1,0,0.9890625,0.9890625,0.9890625,0.9890625
7,99,0.996875,1,1,0,0.9890625,0.9890625,0.9890625,0.9890625
8,0,0.965625,0,0,0,0.9734375,0.9734375,0.9734375,0.9734375
8,1,0.965941,0,0,0,0.9734375,0.9734375,0.9734375,0.9734375
8,2,0.966256,0,0,0,0.9734375,0.9734375,0.9734375,0.9734375
8,3,0.966572,0,0,0,0.9734375,0.9734375,0.9734375,0.9734375
8,4,0.966888,0,0,0,0.9734375,0.9734375,0.9734375,0.9734375
8,5,0.967203,0,0,0,0.9734375,0.9734375,0.9734375,0.9734375
8,6,0.967519,0,0,0,0.9734375,0.9734375,0.9734375,0.9734375
8,7,0.967835,0,0,0,0.9734375,0.9734375,0.9734375,0.9734375
8,8,0.96815,0,0,0,0.9734375,0.9734375,0.9734375,0.9734375
8,9,0.968466,0,0,0,0.9734375,0.9734375,0.9734375,0.9734375
8,10,0.968782,0,0,0,0.9734375,0.9734375,0.9734375,0.9734375
8,11,0.969097,0,0,0,0.9734375,0.9734375,0.9734375,0.9734375
8,12,0.969413,0,0,0,0.9734375,0.9734375,0.9734375,0.9734375
8,13,0.969729,0,0,0,0.9734375,0.9734375,0.9734375,0.9734375
8,14,0.970044,0,0,0,0.9734375,0.9734375,0.9734375,0.9734375
8,15,0.97036,0,0,0,0.9734375,0.9734375,0.9734375,0.9734375
8,16,0.970676,0,0,0,0.9734375,0.9734375,0.9734375,0.9734375
8,17,0.970991,0,0,0,0.9734375,0.9734375,0.9734375,0.9734375
8,18,0.971307,0,0,0,0.9734375,0.9734375,0.9734375,0.9734375
8,19,0.971622,0,0,0,0.9734375,0.9734375,0.9734375,0.9734375
8,20,0.971938,0,0,0,0.9734375,0.9734375,0.9734375,0.9734375
8,21,0.972254,0,0,0,0.9734375,0.9734375,0.9734375,0.9734375
8,22,0.972569,0,0,0,0.9734375,0.9734375,0.9734375,0.9734375
8,23,0.972885,0,0,0,0.9734375,0.9734375,0.9734375,0.9734375
8,24,0.973201,0,0,0,0.9734375,0.9734375,0.9734375,0.9734375
8,25,0.973516,1,0,1,0.9734375,0.9890625,0.9734375,0.98125
8,26,0.973832,0,0,0,0.9734375,0.9734375,0.9734375,0.9734375
8,27,0.974148,0,0,0,0.9734375,0.9734375,0.9734375,0.9734375
8,28,0.974463,0,0,0,0.9734375,0.9734375,0.9734375,0.9734375
8,29,0.974779,0,0,0,0.9734375,0.9734375,0.9734375,0.9734375
8,30,0.975095,0,0,0,0.9734375,0.9734375,0.9734375,0.9734375
8,31,0.97541,0,0,0,0.9734375,0.9734375,0.9734375,0.9734375
8,32,0.975726,0,0,0,0.9734375,0.9734375,0.9734375,0.9734375
8,33,0.976042,0,0,0,0.9734375,0.9734375,0.9734375,0.9734375
8,34,0.976357,0,0,0,0.9734375,0.9734375,0.9734375,0.9734375
8,35,0.976673,1,0,1,0.9734375,0.9890625,0.9734375,0.98125
8,36,0.976989,1,0,1,0.9734375,0.9890625,0.9734375,0.98125
8,37,0.977304,0,0,0,0.9734375,0.9734375,0.9734375,0.9734375
8,38,0.97762,0,0,0,0.9734375,0.9734375,0.9734375,0.9734375
8,39,0.977936,1,0,1,0.9734375,0.9890625,0.9734375,0.98125
8,40,0.978251,1,0,1,0.9734375,0.9890625,0.9734375,0.98125
8,41,0.978567,0,0,0,0.9734375,0.9734375,0.9734375,0.9734375
8,42,0.978883,1,0,1,0.9734375,0.9890625,0.9734375,0.98125
8,43,0.979198,1,0,1,0.9734375,0.9890625,0.9734375,0.98125
8,44,0.979514,1,0,1,0.9734375,0.9890625,0.9734375,0.98125
8,45,0.97983,0,0,0,0.9734375,0.9734375,0.9734375,0.9734375
8,46,0.980145,0,0,0,0.9734375,0.9734375,0.9734375,0.9734375
8,47,0.980461,1,0,1,0.9734375,0.9890625,0.9734375,0.98125
8,48,0.980777,1,0,1,0.9734375,0.9890625,0.9734375,0.98125
8,49,0.981092,1,0,1,0.9734375,0.9890625,0.9734375,0.98125
8,50,0.981408,1,0,1,0.9890625,0.9890625,0.9734375,0.98125
8,51,0.981723,1,0,1,0.9890625,0.9890625,0.9734375,0.98125
8,52,0.982039,1,0,1,0.9890625,0.9890625,0.9734375,0.98125
8,53,0.982355,1,0,1,0.9890625,0.9890625,0.9734375,0.98125
8,54,0.98267,1,0,1,0.9890625,0.9890625,0.9734375,0.98125
8,55,0.982986,1,0,1,0.9890625,0.9890625,0.9734375,0.98125
8,56,0.983302,1,0,1,0.9890625,0.9890625,0.9734375,0.98125
8,57,0.983617,1,0,1,0.9890625,0.9890625,0.9734375,0.98125
8,58,0.983933,1,0,1,0.9890625,0.9890625,0.9734375,0.98125
8,59,0.984249,1,0,1,0.9890625,0.9890625,0.9734375,0.98125
8,60,0.984564,1,0,1,0.9890625,0.9890625,0.9734375,0.98125
8,61,0.98488,1,1,0,0.9890625,0.9890625,0.9890625,0.9890625
8,62,0.985196,1,1,0,0.9890625,0.9890625,0.9890625,0.9890625
8,63,0.985511,1,0,1,0.9890625,0.9890625,0.9734375,0.98125
8,64,0.985827,1,0,1,0.9890625,0.9890625,0.9734375,0.98125
8,65,0.986143,1,0,1,0.9890625,0.9890625,0.9734375,0.98125
8,66,0.986458,1,0,1,0.9890625,0.9890625,0.9734375,0.98125
8,67,0.986774,1,1,0,0.9890625,0.9890625,0.9890625,0.9890625
8,68,0.98709,1,1,0,0.9890625,0.9890625,0.9890625,0.9890625
8,69,0.987405,1,0,1,0.9890625,0.9890625,0.9734375,0.98125
8,70,0.987721,1,0,1,0.9890625,0.9890625,0.9734375,0.98125
8,71,0.988037,1,1,0,0.9890625,0.9890625,0.9890625,0.9890625
8,72,0.988352,1,1,0,0.9890625,0.9890625,0.9890625,0.9890625
8,73,0.988668,1,1,0,0.9890625,0.9890625,0.9890625,0.9890625
8,74,0.988984,1,1,0,0.9890625,0.9890625,0.9890625,0.9890625
8,75,0.989299,1,1,0,0.9890625,0.9890625,0.9890625,0.9890625
8,76,0.989615,1,1,0,0.9890625,0.9890625,0.9890625,0.9890625
8,77,0.989931,1,1,0,0.9890625,0.9890625,0.9890625,0.9890625
8,78,0.990246,1,1,0,0.9890625,0.9890625,0.9890625,0.9890625
8,79,0.990562,1,1,0,0.9890625,0.9890625,0.9890625,0.9890625
8,80,0.990878,1,1,0,0.9890625,0.9890625,0.9890625,0.9890625
8,81,0.991193,1,1,0,0.9890625,0.9890625,0.9890625,0.9890625
8,82,0.991509,1,1,0,0.9890625,0.9890625,0.9890625,0.9890625
8,83,0.991824,1,1,0,0.9890625,0.9890625,0.9890625,0.9890625
8,84,0.99214,1,1,0,0.9890625,0.9890625,0.9890625,0.9890625
8,85,0.992456,1,1,0,0.9890625,0.9890625,0.9890625,0.9890625
8,86,0.992771,1,1,0,0.9890625,0.9890625,0.9890625,0.9890625
8,87,0.993087,1,1,0,0.9890625,0.9890625,0.9890625,0.9890625
8,88,0.993403,1,1,0,0.9890625,0.9890625,0.9890625,0.9890625
8,89,0.993718,1,1,0,0.9890625,0.9890625,0.9890625,0.9890625
8,90,0.994034,1,1,0,0.9890625,0.9890625,0.9890625,0.9890625
8,91,0.99435,1,1,0,0.9890625,0.9890625,0.9890625,0.9890625
8,92,0.994665,1,1,0,0.9890625,0.9890625,0.9890625,0.9890625
8,93,0.994981,1,1,0,0.9890625,0.9890625,0.9890625,0.9890625
8,94,0.995297,1,1,0,0.9890625,0.9890625,0.9890625,0.9890625
8,95,0.995612,1,1,0,0.9890625,0.9890625,0.9890625,0.9890625
8,96,0.995928,1,1,0,0.9890625,0.9890625,0.9890625,0.9890625
8,97,0.996244,1,1,0,0.9890625,0.9890625,0.9890625,0.9890625
8,98,0.996559,1,1,0,0.9890625,0.9890625,0.9890625,0.9890625
8,99,0.996875,1,1,0,0.9890625,0.9890625,0.9890625,0.9890625
9,0,0.965625,0,0,0,0.9734375,0.9734375,0.9734375,0.9734375
9,1,0.965941,0,0,0,0.9734375,0.9734375,0.9734375,0.9734375
9,2,0.966256,0,0,0,0.9734375,0.9734375,0.9734375,0.9734375
9,3,0.966572,0,0,0,0.9734375,0.9734375,0.9734375,0.9734375
9,4,0.966888,0,0,0,0.9734375,0.9734375,0.9734375,0.9734375
9,5,0.967203,0,0,0,0.9734375,0.9734375,0.9734375,0.9734375
9,6,0.967519,0,0,0,0.9734375,0.9734375,0.9734375,0.9734375
9,7,0.967835,0,0,0,0.9734375,0.9734375,0.9734375,0.9734375
9,8,0.96815,0,0,0,0.9734375,0.9734375,0.9734375,0.9734375
9,9,0.968466,0,0,0,0.9734375,0.9734375,0.9734375,0.9734375
9,10,0.968782,0,0,0,0.9734375,0.9734375,0.9734375,0.9734375
9,11,0.969097,0,0,0,0.9734375,0.9734375,0.9734375,0.9734375
9,12,0.969413,0,0,0,0.9734375,0.9734375,0.9734375,0.9734375
9,13,0.969729,0,0,0,0.9734375,0.9734375,0.9734375,0.9734375
9,14,0.970044,0,0,0,0.9734375,0.9734375,0.9734375,0.9734375
9,15,0.97036,0,0,0,0.9734375,0.9734375,0.9734375,0.9734375
9,16,0.970676,0,0,0,0.9734375,0.9734375,0.9734375,0.9734375
9,17,0.970991,0,0,0,0.9734375,0.9734375,0.9734375,0.9734375
9,18,0.971307,0,0,0,0.9734375,0.9734375,0.9734375,0.9734375
9,19,0.971622,0,0,0,0.9734375,0.9734375,0.9734375,0.9734375
9,20,0.971938,0,0,0,0.9734375,0.9734375,0.9734375,0.9734375
9,21,0.972254,0,0,0,0.9734375,0.9734375,0.9734375,0.9734375
9,22,0.972569,0,0,0,0.9734375,0.9734375,0.9734375,0.9734375
9,23,0.972885,0,0,0,0.9734375,0.9734375,0.9734375,0.9734375
9,24,0.973201,0,0,0,0.9734375,0.9734375,0.9734375,0.9734375
9,25,0.973516,0,0,0,0.9734375,0.9734375,0.9734375,0.9734375
9,26,0.973832,0,0,0,0.9734375,0.9734375,0.9734375,0.9734375
9,27,0.974148,0,0,0,0.9734375,0.9734375,0.9734375,0.9734375
9,28,0.974463,0,0,0,0.9734375,0.9734375,0.9734375,0.9734375
9,29,0.974779,0,0,0,0.9734375,0.9734375,0.9734375,0.9734375
9,30,0.975095,0,0,0,0.9734375,0.9734375,0.9734375,0.9734375
9,31,0.97541,0,0,0,0.9734375,0.9734375,0.9734375,0.9734375
9,32,0.975726,0,0,0,0.9734375,0.9734375,0.9734375,0.9734375
9,33,0.976042,0,0,0,0.9734375,0.9734375,0.9734375,0.9734375
9,34,0.976357,0,0,0,0.9734375,0.9734375,0.9734375,0.9734375
9,35,0.976673,0,0,0,0.9734375,0.9734375,0.9734375,0.9734375
9,36,0.976989,1,0,1,0.9734375,0.9890625,0.9734375,0.98125
9,37,0.977304,1,0,1,0.9734375,0.9890625,0.9734375,0.98125
9,38,0.97762,0,0,0,0.9734375,0.9734375,0.9734375,0.9734375
9,39,0.977936,1,0,1,0.9734375,0.9890625,0.9734375,0.98125
9,40,0.978251,1,0,1,0.9734375,0.9890625,0.9734375,0.98125
9,41,0.978567,1,0,1,0.9734375,0.9890625,0.9734375,0.98125
9,42,0.978883,1,0,1,0.9734375,0.9890625,0.9734375,0.98125
9,43,0.979198,1,0,1,0.9734375,0.9890625,0.9734375,0.98125
9,44,0.979514,1,0,1,0.9734375,0.9890625,0.9734375,0.98125
9,45,0.97983,1,0,1,0.9734375,0.9890625,0.9734375,0.98125
9,46,0.980145,1,0,1,0.9734375,0.9890625,0.9734375,0.98125
9,47,0.980461,1,0,1,0.9734375,0.9890625,0.9734375,0.98125
9,48,0.980777,1,0,1,0.9734375,0.9890625,0.9734375,0.98125
9,49,0.981092,1,0,1,0.9734375,0.9890625,0.9734375,0.98125
9,50,0.981408,0,0,0,0.9890625,0.9734375,0.9734375,0.9734375
9,51,0.981723,1,0,1,0.9890625,0.9890625,0.9734375,0.98125
9,52,0.982039,1,0,1,0.9890625,0.9890625,0.9734375,0.98125
9,53,0.982355,1,0,1,0.9890625,0.9890625,0.9734375,0.98125
9,54,0.98267,1,0,1,0.9890625,0.9890625,0.9734375,0.98125
9,55,0.982986,1,0,1,0.9890625,0.9890625,0.9734375,0.98125
9,56,0.983302,1,0,1,0.9890625,0.9890625,0.9734375,0.98125
9,57,0.983617,1,0,1,0.9890625,0.9890625,0.9734375,0.98125
9,58,0.983933,1,0,1,0.9890625,0.9890625,0.9734375,0.98125
9,59,0.984249,1,0,1,0.9890625,0.9890625,0.9734375,0.98125
9,60,0.984564,1,0,1,0.9890625,0.9890625,0.9734375,0.98125
9,61,0.98488,1,0,1,0.9890625,0.9890625,0.9734375,0.98125
9,62,0.985196,1,0,1,0.9890625,0.9890625,0.9734375,0.98125
9,63,0.985511,1,0,1,0.9890625,0.9890625,0.9734375,0.98125
9,64,0.985827,1,0,1,0.9890625,0.9890625,0.9734375,0.98125
9,65,0.986143,1,0,1,0.9890625,0.9890625,0.9734375,0.98125
9,66,0.986458,1,1,0,0.9890625,0.9890625,0.9890625,0.9890625
9,67,0.986774,1,1,0,0.9890625,0.9890625,0.9890625,0.9890625
9,68,0.98709,1,1,0,0.9890625,0.9890625,0.9890625,0.9890625
9,69,0.987405,1,1,0,0.9890625,0.9890625,0.9890625,0.9890625
9,70,0.987721,1,0,1,0.9890625,0.9890625,0.9734375,0.98125
9,71,0.988037,1,1,0,0.9890625,0.9890625,0.9890625,0.9890625
9,72,0.988352,1,1,0,0.9890625,0.9890625,0.9890625,0.9890625
9,73,0.988668,1,1,0,0.9890625,0.9890625,0.9890625,0.9890625
9,74,0.988984,1,1,0,0.9890625,0.9890625,0.9890625,0.9890625
9,75,0.989299,1,1,0,0.9890625,0.9890625,0.9890625,0.9890625
9,76,0.989615,1,1,0,0.9890625,0.9890625,0.9890625,0.9890625
9,77,0.989931,1,1,0,0.9890625,0.9890625,0.9890625,0.9890625
9,78,0.990246,1,1,0,0.9890625,0.9890625,0.9890625,0.9890625
9,79,0.990562,1,1,0,0.9890625,0.9890625,0.9890625,0.9890625
9,80,0.990878,1,1,0,0.9890625,0.9890625,0.9890625,0.9890625
9,81,0.991193,1,1,0,0.9890625,0.9890625,0.9890625,0.9890625
9,82,0.991509,1,1,0,0.9890625,0.9890625,0.9890625,0.9890625
9,83,0.991824,1,1,0,0.9890625,0.9890625,0.9890625,0.9890625
9,84,0.99214,1,1,0,0.9890625,0.9890625,0.9890625,0.9890625
9,85,0.992456,1,1,0,0.9890625,0.9890625,0.9890625,0.9890625
9,86,0.992771,1,1,0,0.9890625,0.9890625,0.9890625,0.9890625
9,87,0.993087,1,1,0,0.9890625,0.9890625,0.9890625,0.9890625
9,88,0.993403,1,1,0,0.9890625,0.9890625,0.9890625,0.9890625
9,89,0.993718,1,1,0,0.9890625,0.9890625,0.9890625,0.9890625
9,90,0.994034,1,1,0,0.9890625,0.9890625,0.9890625,0.9890625
9,91,0.99435,1,1,0,0.9890625,0.9890625,0.9890625,0.9890625
9,92,0.994665,1,1,0,0.9890625,0.9890625,0.9890625,0.9890625
9,93,0.994981,1,1,0,0.9890625,0.9890625,0.9890625,0.9890625
9,94,0.995297,1,1,0,0.9890625,0.9890625,0.9890625,0.9890625
9,95,0.995612,1,1,0,0.9890625,0.9890625,0.9890625,0.9890625
9,96,0.995928,1,1,0,0.9890625,0.9890625,0.9890625,0.9890625
9,97,0.996244,1,1,0,0.9890625,0.9890625,0.9890625,0.9890625
9,98,0.996559,1,1,0,0.9890625,0.9890625,0.9890625,0.9890625
9,99,0.996875,1,1,0,0.9890625,0.9890625,0.9890625,0.9890625
10,0,0.965625,0,0,0,0.9734375,0.9734375,0.9734375,0.9734375
10,1,0.965941,0,0,0,0.9734375,0.9734375,0.9734375,0.9734375
10,2,0.966256,0,0,0,0.9734375,0.9734375,0.9734375,0.9734375
10,3,0.966572,0,0,0,0.9734375,0.9734375,0.9734375,0.9734375
10,4,0.966888,0,0,0,0.9734375,0.9734375,0.9734375,0.9734375
10,5,0.967203,0,0,0,0.9734375,0.9734375,0.9734375,0.9734375
10,6,0.967519,0,0,0,0.9734375,0.9734375,0.9734375,0.9734375
10,7,0.967835,0,0,0,0.9734375,0.9734375,0.9734375,0.9734375
10,8,0.96815,0,0,0,0.9734375,0.9734375,0.9734375,0.9734375
10,9,0.968466,0,0,0,0.9734375,0.9734375,0.9734375,0.9734375
10,10,0.968782,0,0,0,0.9734375,0.9734375,0.9734375,0.9734375
10,11,0.969097,0,0,0,0.9734375,0.9734375,0.9734375,0.9734375
10,12,0.969413,0,0,0,0.9734375,0.9734375,0.9734375,0.9734375
10,13,0.969729,0,0,0,0.9734375,0.9734375,0.9734375,0.9734375
10,14,0.970044,0,0,0,0.9734375,0.9734375,0.9734375,0.9734375
10,15,0.97036,0,0,0,0.9734375,0.9734375,0.9734375,0.9734375
10,16,0.970676,0,0,0,0.9734375,0.9734375,0.9734375,0.9734375
10,17,0.970991,0,0,0,0.9734375,0.9734375,0.9734375,0.9734375
10,18,0.971307,0,0,0,0.9734375,0.9734375,0.9734375,0.9734375
10,19,0.971622,0,0,0,0.9734375,0.9734375,0.9734375,0.9734375
10,20,0.971938,0,0,0,0.9734375,0.9734375,0.9734375,0.9734375
10,21,0.972254,0,0,0,0.9734375,0.9734375,0.9734375,0.9734375
10,22,0.972569,0,0,0,0.9734375,0.9734375,0.9734375,0.9734375
10,23,0.972885,0,0,0,0.9734375,0.9734375,0.9734375,0.9734375
10,24,0.973201,0,0,0,0.9734375,0.9734375,0.9734375,0.9734375
10,25,0.973516,0,0,0,0.9734375,0.9734375,0.9734375,0.9734375
10,26,0.973832,0,0,0,0.9734375,0.9734375,0.9734375,0.9734375
10,27,0.974148,0,0,0,0.9734375,0.9734375,0.9734375,0.9734375
10,28,0.974463,0,0,0,0.9734375,0.9734375,0.9734375,0.9734375
10,29,0.974779,0,0,0,0.9734375,0.9734375,0.9734375,0.9734375
10,30,0.975095,0,0,0,0.9734375,0.9734375,0.9734375,0.9734375
10,31,0.97541,0,0,0,0.9734375,0.9734375,0.9734375,0.9734375
10,32,0.975726,0,0,0,0.9734375,0.9734375,0.9734375,0.9734375
10,33,0.976042,0,0,0,0.9734375,0.9734375,0.9734375,0.9734375
10,34,0.976357,1,0,1,0.9734375,0.9890625,0.9734375,0.98125
10,35,0.976673,0,0,0,0.9734375,0.9734375,0.9734375,0.9734375
10,36,0.976989,1,0,1,0.9734375,0.9890625,0.9734375,0.98125
10,37,0.977304,0,0,0,0.9734375,0.9734375,0.9734375,0.9734375
10,38,0.97762,0,0,0,0.9734375,0.9734375,0.9734375,0.9734375
10,39,0.977936,0,0,0,0.9734375,0.9734375,0.9734375,0.9734375
10,40,0.978251,0,0,0,0.9734375,0.9734375,0.9734375,0.9734375
10,41,0.978567,0,0,0,0.9734375,0.9734375,0.9734375,0.9734375
10,42,0.978883,0,0,0,0.9734375,0.9734375,0.9734375,0.9734375
10,43,0.979198,1,0,1,0.9734375,0.9890625,0.9734375,0.98125
10,44,0.979514,0,0,0,0.9734375,0.9734375,0.9734375,0.9734375
10,45,0.97983,1,0,1,0.9734375,0.9890625,0.9734375,0.98125
10,46,0.980145,1,0,1,0.9734375,0.9890625,0.9734375,0.98125
10,47,0.980461,1,0,1,0.9734375,0.9890625,0.9734375,0.98125
10,48,0.980777,1,0,1,0.9734375,0.9890625,0.9734375,0.98125
10,49,0.981092,1,0,1,0.9734375,0.9890625,0.9734375,0.98125
10,50,0.981408,1,0,1,0.9890625,0.9890625,0.9734375,0.98125
10,51,0.981723,1,0,1,0.9890625,0.9890625,0.9734375,0.98125
10,52,0.982039,1,0,1,0.9890625,0.9890625,0.9734375,0.98125
10,53,0.982355,1,0,1,0.9890625,0.9890625,0.9734375,0.98125
10,54,0.98267,1,0,1,0.9890625,0.9890625,0.9734375,0.98125
10,55,0.982986,1,0,1,0.9890625,0.9890625,0.9734375,0.98125
10,56,0.983302,1,0,1,0.9890625,0.9890625,0.9734375,0.98125
10,57,0.983617,1,0,1,0.9890625,0.9890625,0.9734375,0.98125
10,58,0.983933,1,0,1,0.9890625,0.9890625,0.9734375,0.98125
10,59,0.984249,1,0,1,0.9890625,0.9890625,0.9734375,0.98125
10,60,0.984564,1,0,1,0.9890625,0.9890625,0.9734375,0.98125
10,61,0.98488,1,0,1,0.9890625,0.9890625,0.9734375,0.98125
10,62,0.985196,1,0,1,0.9890625,0.9890625,0.9734375,0.98125
10,63,0.985511,1,0,1,0.9890625,0.9890625,0.9734375,0.98125
10,64,0.985827,1,0,1,0.9890625,0.9890625,0.9734375,0.98125
10,65,0.986143,1,1,0,0.9890625,0.9890625,0.9890625,0.9890625
10,66,0.986458,1,1,0,0.9890625,0.9890625,0.9890625,0.9890625
10,67,0.986774,1,1,0,0.9890625,0.9890625,0.9890625,0.9890625
10,68,0.98709,1,1,0,0.9890625,0.9890625,0.9890625,0.9890625
10,69,0.987405,1,1,0,0.9890625,0.9890625,0.9890625,0.9890625
10,70,0.987721,1,1,0,0.9890625,0.9890625,0.9890625,0.9890625
10,71,0.988037,1,1,0,0.9890625,0.9890625,0.9890625,0.9890625
10,72,0.988352,1,1,0,0.9890625,0.9890625,0.9890625,0.9890625
10,73,0.988668,1,1,0,0.9890625,0.9890625,0.9890625,0.9890625
10,74,0.988984,1,1,0,0.9890625,0.9890625,0.9890625,0.9890625
10,75,0.989299,1,1,0,0.9890625,0.9890625,0.9890625,0.9890625
10,76,0.989615,1,1,0,0.9890625,0.9890625,0.9890625,0.9890625
10,77,0.989931,1,1,0,0.9890625,0.9890625,0.9890625,0.9890625
10,78,0.990246,1,1,0,0.9890625,0.9890625,0.9890625,0.9890625
10,79,0.990562,1,1,0,0.9890625,0.9890625,0.9890625,0.9890625
10,80,0.990878,1,1,0,0.9890625,0.9890625,0.9890625,0.9890625
10,81,0.991193,1,1,0,0.9890625,0.9890625,0.9890625,0.9890625
10,82,0.991509,1,1,0,0.9890625,0.9890625,0.9890625,0.9890625
10,83,0.991824,1,1,0,0.9890625,0.9890625,0.9890625,0.9890625
10,84,0.99214,1,1,0,0.9890625,0.9890625,0.9890625,0.9890625
10,85,0.992456,1,1,0,0.9890625,0.9890625,0.9890625,0.9890625
10,86,0.992771,1,1,0,0.9890625,0.9890625,0.9890625,0.9890625
10,87,0.993087,1,1,0,0.9890625,0.9890625,0.9890625,0.9890625
10,88,0.993403,1,1,0,0.9890625,0.9890625,0.9890625,0.9890625
10,89,0.993718,1,1,0,0.9890625,0.9890625,0.9890625,0.9890625
10,90,0.994034,1,1,0,0.9890625,0.9890625,0.9890625,0.9890625
10,91,0.99435,1,1,0,0.9890625,0.9890625,0.9890625,0.9890625
10,92,0.994665,1,1,0,0.9890625,0.9890625,0.9890625,0.9890625
10,93,0.994981,1,1,0,0.9890625,0.9890625,0.9890625,0.9890625
10,94,0.995297,1,1,0,0.9890625,0.9890625,0.9890625,0.9890625
10,95,0.995612,1,1,0,0.9890625,0.9890625,0.9890625,0.9890625
10,96,0.995928,1,1,0,0.9890625,0.9890625,0.9890625,0.9890625
10,97,0.996244,1,1,0,0.9890625,0.9890625,0.9890625,0.9890625
10,98,0.996559,1,1,0,0.9890625,0.9890625,0.9890625,0.9890625
10,99,0.996875,1,1,0,0.9890625,0.9890625,0.9890625,0.9890625
