network,metric,system,component,absolute_cost,system_total,share_percent,cost_unit
VGG8,area,SAR,ADC,8488155.46,17849483.49,47.55406768355739,um2
VGG8,area,SAR,Array,377336.37,17849483.49,2.1139904144083443,um2
VGG8,area,SAR,Adder,5322160.41,17849483.49,29.8168874913478,um2
VGG8,area,SAR,Other,3661831.26,17849483.49,20.51505446671051,um2
VGG8,area,QIM,ADC,1057536.0008890938,10420137.350889094,10.1489641189697,um2
VGG8,area,QIM,Array,377336.37,10420137.350889094,3.621222612462051,um2
VGG8,area,QIM,Adder,5322160.41,10420137.350889094,51.07572223648174,um2
VGG8,area,QIM,Other,3663104.57,10420137.350889094,35.15409103208651,um2
VGG8,energy,SAR,ADC,9736281.26,12207385.02,79.75730464836278,pJ
VGG8,energy,SAR,Array,913328.27,12207385.02,7.481768359920215,pJ
VGG8,energy,SAR,Adder,528632.61,12207385.02,4.330432841545617,pJ
VGG8,energy,SAR,Other,1029142.87,12207385.02,8.430494068253775,pJ
VGG8,energy,QIM,ADC,1183675.906645469,3654779.6666454687,32.387066105462466,pJ
VGG8,energy,QIM,Array,913328.27,3654779.6666454687,24.98996802284107,pJ
VGG8,energy,QIM,Adder,528632.61,3654779.6666454687,14.46414444144055,pJ
VGG8,energy,QIM,Other,1029142.87,3654779.6666454687,28.15882115664161,pJ
ResNet18,area,SAR,ADC,9320327.56,25445343.06,36.62881470303903,um2
ResNet18,area,SAR,Array,414330.13,25445343.06,1.628314183161184,um2
ResNet18,area,SAR,Adder,3659483.27,25445343.06,14.381740742779359,um2
ResNet18,area,SAR,Other,12051202.1,25445343.06,47.36113037102043,um2
ResNet18,area,QIM,ADC,1161215.9997777268,17255893.789777726,6.729387732240351,um2
ResNet18,area,QIM,Array,414330.13,17255893.789777726,2.4010934179801593,um2
ResNet18,area,QIM,Adder,3659483.27,17255893.789777726,21.207149942982685,um2
ResNet18,area,QIM,Other,12020864.39,17255893.789777726,69.66236890679681,um2
ResNet18,energy,SAR,ADC,22139348.69,30964716.85,71.49863115896699,pJ
ResNet18,energy,SAR,Array,3089361.76,30964716.85,9.977038624204308,pJ
ResNet18,energy,SAR,Adder,2294402.81,30964716.85,7.409732894102017,pJ
ResNet18,energy,SAR,Other,3441603.59,30964716.85,11.114597322726688,pJ
ResNet18,energy,QIM,ADC,2480659.960063593,11306028.120063594,21.941038300280116,pJ
ResNet18,energy,QIM,Array,3089361.76,11306028.120063594,27.324907803100558,pJ
ResNet18,energy,QIM,Adder,2294402.81,11306028.120063594,20.293623769857515,pJ
ResNet18,energy,QIM,Other,3441603.59,11306028.120063594,30.440430126761807,pJ
